"RNC_N=300,mq=1,p=0.000000",300.000000, 1, 0, 0.000000, 0.000000, 0.000000, 0.000000, nan, 1.000000, 1, 0.000000, 0.000000, 300, 0.003333
"RNC_N=300,mq=1,p=0.002000",300.000000, 1, 0, 0.000000, 0.000000, 0.000000, 0.000000, nan, 1.000000, 1, 0.000000, 0.000000, 300, 0.003333
"RNC_N=300,mq=1,p=0.004000",300.000000, 2, 4, 0.013333, 0.000000, 8.000000, 0.141441, 4.000000, 0.993333, 3, 0.026667, 7.786640, 300, 0.003333
"RNC_N=300,mq=1,p=0.006000",300.000000, 4, 5, 0.016667, -0.010000, 6.970025, 0.124702, 5.000000, 0.991667, 3, 0.033333, 17.666681, 300, 0.003333
"RNC_N=300,mq=1,p=0.008000",300.000000, 7, 12, 0.040000, -0.026667, 15.786704, 0.238207, 12.000000, 0.980000, 3, 0.080000, 60.080288, 300, 0.003333
"RNC_N=300,mq=1,p=0.010000",300.000000, 22, 42, 0.140000, -0.103333, 43.796577, 0.505576, 40.000011, 0.933333, 3, 0.280000, 656.486023, 300, 0.003333
"RNC_N=300,mq=1,p=0.012000",300.000000, 12, 28, 0.093333, -0.066667, 34.666615, 0.430490, 28.000004, 0.953333, 3, 0.186667, 201.548111, 300, 0.003333
"RNC_N=300,mq=1,p=0.014000",300.000000, 25, 39, 0.130000, -0.100000, 40.999920, 0.481147, 37.938438, 0.937500, 3, 0.260000, 567.725952, 300, 0.003333
"RNC_N=300,mq=1,p=0.016000",300.000000, 168, 188, 0.626667, -0.520139, 84.053947, 0.799465, 162.000214, 0.730000, 6, 1.253333, 23568.701172, 300, 0.003333
"RNC_N=300,mq=1,p=0.018000",300.000000, 110, 128, 0.426667, -0.317143, 79.893951, 0.804980, 106.754150, 0.823594, 5, 0.853333, 4689.519531, 300, 0.003333
"RNC_N=300,mq=1,p=0.020000",300.000000, 40, 70, 0.233333, -0.157778, 62.754280, 0.683020, 62.000015, 0.896667, 4, 0.466667, 836.665100, 300, 0.003333
"RNC_N=300,mq=1,p=0.022000",300.000000, 24, 43, 0.143333, -0.110000, 45.370022, 0.517847, 41.938351, 0.930833, 3, 0.286667, 429.348206, 300, 0.003333
"RNC_N=300,mq=1,p=0.024000",300.000000, 7, 27, 0.090000, -0.060000, 34.919903, 0.434405, 27.000004, 0.955000, 3, 0.180000, 136.280090, 300, 0.003333
"RNC_N=300,mq=1,p=0.026000",300.000000, 71, 101, 0.336667, -0.227619, 83.967247, 0.795540, 85.938103, 0.857500, 4, 0.673333, 1855.982666, 300, 0.003333
"RNC_N=300,mq=1,p=0.028000",300.000000, 105, 141, 0.470000, -0.306148, 85.550682, 0.816553, 105.292099, 0.826458, 5, 0.940000, 6842.938477, 300, 0.003333
"RNC_N=300,mq=1,p=0.030000",300.000000, 59, 94, 0.313333, -0.225556, 82.848526, 0.792620, 85.938087, 0.857500, 4, 0.626667, 1868.186157, 300, 0.003333
"RNC_N=300,mq=1,p=0.032000",300.000000, 11, 35, 0.116667, -0.070000, 43.530098, 0.509696, 34.000008, 0.943333, 3, 0.233333, 199.666611, 300, 0.003333
"RNC_N=300,mq=1,p=0.034000",300.000000, 65, 80, 0.266667, -0.201667, 69.049179, 0.705462, 71.000069, 0.881667, 4, 0.533333, 2304.662109, 300, 0.003333
"RNC_N=300,mq=1,p=0.036000",300.000000, 144, 169, 0.563333, -0.422875, 97.008781, 0.875432, 141.938141, 0.764167, 6, 1.126667, 6613.217285, 300, 0.003333
"RNC_N=300,mq=1,p=0.038000",300.000000, 25, 60, 0.200000, -0.123333, 68.436890, 0.690804, 55.938137, 0.907500, 3, 0.400000, 545.996887, 300, 0.003333
"RNC_N=300,mq=1,p=0.040000",300.000000, 66, 87, 0.290000, -0.205556, 75.435028, 0.749123, 77.938065, 0.870833, 4, 0.580000, 1935.084106, 300, 0.003333
"RNC_N=300,mq=1,p=0.042000",300.000000, 100, 135, 0.450000, -0.294444, 102.713249, 0.934116, 116.927811, 0.808646, 5, 0.900000, 5012.984863, 300, 0.003333
"RNC_N=300,mq=1,p=0.044000",300.000000, 32, 90, 0.300000, -0.179402, 88.171669, 0.840333, 79.754547, 0.868594, 5, 0.600000, 1003.995361, 300, 0.003333
"RNC_N=300,mq=1,p=0.046000",300.000000, 122, 184, 0.613333, -0.355796, 122.061752, 1.025524, 139.108398, 0.770885, 7, 1.226667, 3380.570068, 300, 0.003333
"RNC_N=300,mq=1,p=0.048000",300.000000, 71, 97, 0.323333, -0.170000, 87.885681, 0.841203, 77.441803, 0.873177, 5, 0.646667, 1292.555298, 300, 0.003333
"RNC_N=300,mq=1,p=0.050000",300.000000, 78, 98, 0.326667, -0.212556, 78.207336, 0.822500, 80.754524, 0.866927, 7, 0.653333, 1387.947388, 300, 0.003333
"RNC_N=300,mq=1,p=0.052000",300.000000, 35, 53, 0.176667, -0.100000, 58.999870, 0.627518, 48.000011, 0.920000, 3, 0.353333, 398.547638, 300, 0.003333
"RNC_N=300,mq=1,p=0.054000",300.000000, 48, 85, 0.283333, -0.138889, 87.435219, 0.840355, 71.938057, 0.880833, 4, 0.566667, 963.667358, 300, 0.003333
"RNC_N=300,mq=1,p=0.056000",300.000000, 81, 106, 0.353333, -0.193556, 91.731789, 0.892995, 84.876846, 0.860000, 6, 0.706667, 1230.190186, 300, 0.003333
"RNC_N=300,mq=1,p=0.058000",300.000000, 30, 88, 0.293333, -0.166667, 85.888947, 0.834385, 76.694733, 0.874427, 5, 0.586667, 602.745789, 300, 0.003333
"RNC_N=300,mq=1,p=0.060000",300.000000, 146, 209, 0.696667, -0.364849, 117.573997, 1.005672, 145.453018, 0.762760, 7, 1.393333, 4587.604004, 300, 0.003333
"RNC_N=300,mq=1,p=0.062000",300.000000, 168, 216, 0.720000, -0.447944, 105.294838, 0.976348, 159.805832, 0.736354, 8, 1.440000, 13151.844727, 300, 0.003333
"RNC_N=300,mq=1,p=0.064000",300.000000, 161, 221, 0.736667, -0.400393, 122.257278, 1.064589, 155.631561, 0.743594, 8, 1.473333, 8666.769531, 300, 0.003333
"RNC_N=300,mq=1,p=0.066000",300.000000, 180, 208, 0.693333, -0.470973, 108.246185, 0.987292, 170.326111, 0.719948, 8, 1.386667, 18889.195312, 300, 0.003333
"RNC_N=300,mq=1,p=0.068000",300.000000, 46, 101, 0.336667, -0.211667, 98.364426, 0.910080, 89.938118, 0.850833, 6, 0.673333, 863.983521, 300, 0.003333
"RNC_N=300,mq=1,p=0.070000",300.000000, 162, 209, 0.696667, -0.391181, 122.771362, 1.023968, 152.876205, 0.746667, 7, 1.393333, 5739.605469, 300, 0.003333
"RNC_N=300,mq=1,p=0.072000",300.000000, 20, 83, 0.276667, -0.132111, 86.845329, 0.871808, 70.938072, 0.882500, 6, 0.553333, 566.146179, 300, 0.003333
"RNC_N=300,mq=1,p=0.074000",300.000000, 165, 237, 0.790000, -0.435164, 113.719963, 1.083944, 161.631317, 0.733594, 10, 1.580000, 9653.010742, 300, 0.003333
"RNC_N=300,mq=1,p=0.076000",300.000000, 39, 112, 0.373333, -0.192778, 116.545616, 0.968274, 95.815422, 0.841094, 5, 0.746667, 1030.741699, 300, 0.003333
"RNC_N=300,mq=1,p=0.078000",300.000000, 176, 225, 0.750000, -0.466852, 117.525330, 0.965623, 172.691925, 0.714427, 7, 1.500000, 13809.000000, 300, 0.003333
"RNC_N=300,mq=1,p=0.080000",300.000000, 158, 205, 0.683333, -0.372735, 136.053024, 1.038555, 152.389618, 0.750521, 6, 1.366667, 3997.664795, 300, 0.003333
"RNC_N=300,mq=1,p=0.082000",300.000000, 166, 209, 0.696667, -0.363286, 131.302505, 1.125787, 155.213272, 0.748021, 8, 1.393333, 5387.606445, 300, 0.003333
"RNC_N=300,mq=1,p=0.084000",300.000000, 147, 207, 0.690000, -0.398623, 115.172974, 1.020562, 147.631821, 0.756927, 8, 1.380000, 8252.681641, 300, 0.003333
"RNC_N=300,mq=1,p=0.086000",300.000000, 173, 245, 0.816667, -0.418963, 112.796715, 1.056745, 164.270462, 0.732188, 10, 1.633333, 7307.653809, 300, 0.003333
"RNC_N=300,mq=1,p=0.088000",300.000000, 199, 300, 1.000000, -0.501593, 119.275444, 1.104539, 185.220810, 0.696771, 12, 2.000000, 16236.000000, 300, 0.003333
"RNC_N=300,mq=1,p=0.090000",300.000000, 33, 134, 0.446667, -0.197222, 121.969994, 1.081104, 103.815903, 0.829167, 7, 0.893333, 908.583374, 300, 0.003333
"RNC_N=300,mq=1,p=0.092000",300.000000, 199, 287, 0.956667, -0.387880, 147.469772, 1.302322, 175.210648, 0.714688, 13, 1.913333, 5173.692871, 300, 0.003333
"RNC_N=300,mq=1,p=0.094000",300.000000, 32, 111, 0.370000, -0.158143, 82.382019, 0.884549, 79.635521, 0.870260, 8, 0.740000, 1011.722778, 300, 0.003333
"RNC_N=300,mq=1,p=0.096000",300.000000, 138, 197, 0.656667, -0.319148, 134.178741, 1.126914, 139.815170, 0.769167, 8, 1.313333, 2532.541016, 300, 0.003333
"RNC_N=300,mq=1,p=0.098000",300.000000, 183, 313, 1.043333, -0.405481, 133.352036, 1.212727, 174.274048, 0.716927, 11, 2.086667, 12327.777344, 300, 0.003333
"RNC_N=300,mq=1,p=0.100000",300.000000, 152, 229, 0.763333, -0.366854, 122.743988, 1.174881, 156.689224, 0.745313, 10, 1.526667, 7044.771973, 300, 0.003333
"RNC_N=300,mq=1,p=0.102000",300.000000, 218, 372, 1.240000, -0.495676, 122.856880, 1.229968, 201.139954, 0.672083, 14, 2.480000, 10770.893555, 300, 0.003333
"RNC_N=300,mq=1,p=0.104000",300.000000, 202, 346, 1.153333, -0.511624, 119.618561, 1.126605, 196.571335, 0.677500, 11, 2.306667, 16041.694336, 300, 0.003333
"RNC_N=300,mq=1,p=0.106000",300.000000, 197, 292, 0.973333, -0.453652, 122.089813, 1.122337, 176.692612, 0.709167, 11, 1.946667, 9575.133789, 300, 0.003333
"RNC_N=300,mq=1,p=0.108000",300.000000, 261, 495, 1.650000, -0.631414, 103.313171, 1.196554, 240.603424, 0.608906, 14, 3.300000, 35097.027344, 300, 0.003333
"RNC_N=300,mq=1,p=0.110000",300.000000, 225, 337, 1.123333, -0.508447, 121.720474, 1.210123, 205.788681, 0.666042, 12, 2.246667, 12449.698242, 300, 0.003333
"RNC_N=300,mq=1,p=0.112000",300.000000, 214, 337, 1.123333, -0.464933, 130.806396, 1.272490, 194.255493, 0.684740, 14, 2.246667, 10103.706055, 300, 0.003333
"RNC_N=300,mq=1,p=0.114000",300.000000, 214, 329, 1.096667, -0.488522, 140.136765, 1.229467, 197.371872, 0.676042, 12, 2.193333, 8414.750000, 300, 0.003333
"RNC_N=300,mq=1,p=0.116000",300.000000, 163, 224, 0.746667, -0.317722, 144.693436, 1.229674, 152.140961, 0.752344, 9, 1.493333, 2068.994629, 300, 0.003333
"RNC_N=300,mq=1,p=0.118000",300.000000, 54, 138, 0.460000, -0.170352, 122.320572, 1.117991, 101.633835, 0.833594, 8, 0.920000, 736.078247, 300, 0.003333
"RNC_N=300,mq=1,p=0.120000",300.000000, 172, 260, 0.866667, -0.395130, 137.477158, 1.219507, 178.395218, 0.710000, 11, 1.733333, 5148.653320, 300, 0.003333
"RNC_N=300,mq=1,p=0.122000",300.000000, 193, 268, 0.893333, -0.399086, 131.773590, 1.250124, 176.650223, 0.715521, 10, 1.786667, 5888.340332, 300, 0.003333
"RNC_N=300,mq=1,p=0.124000",300.000000, 133, 218, 0.726667, -0.271897, 138.946365, 1.293937, 134.989212, 0.779219, 11, 1.453333, 1924.352295, 300, 0.003333
"RNC_N=300,mq=1,p=0.126000",300.000000, 228, 358, 1.193333, -0.512302, 129.859238, 1.196952, 208.333176, 0.660833, 12, 2.386667, 13053.137695, 300, 0.003333
"RNC_N=300,mq=1,p=0.128000",300.000000, 156, 221, 0.736667, -0.279508, 149.849564, 1.288974, 152.798828, 0.753021, 10, 1.473333, 1740.774902, 300, 0.003333
"RNC_N=300,mq=1,p=0.130000",300.000000, 222, 335, 1.116667, -0.487485, 130.336502, 1.243036, 194.743851, 0.681146, 13, 2.233333, 9409.689453, 300, 0.003333
"RNC_N=300,mq=1,p=0.132000",300.000000, 187, 297, 0.990000, -0.397725, 148.662949, 1.220549, 178.570221, 0.706094, 9, 1.980000, 8211.892578, 300, 0.003333
"RNC_N=300,mq=1,p=0.134000",300.000000, 212, 323, 1.076667, -0.426738, 142.556671, 1.265050, 185.146561, 0.697448, 11, 2.153333, 7796.922852, 300, 0.003333
"RNC_N=300,mq=1,p=0.136000",300.000000, 216, 369, 1.230000, -0.436810, 136.635574, 1.371276, 190.861069, 0.689687, 15, 2.460000, 9434.583984, 300, 0.003333
"RNC_N=300,mq=1,p=0.138000",300.000000, 243, 382, 1.273333, -0.496038, 134.622192, 1.283917, 209.140488, 0.659375, 13, 2.546667, 5570.334961, 300, 0.003333
"RNC_N=300,mq=1,p=0.140000",300.000000, 279, 626, 2.086667, -0.689181, 94.142876, 1.197240, 256.822510, 0.579635, 16, 4.173333, 53786.910156, 300, 0.003333
"RNC_N=300,mq=1,p=0.142000",300.000000, 220, 382, 1.273333, -0.487450, 130.954041, 1.336050, 203.744064, 0.667969, 14, 2.546667, 16130.354492, 300, 0.003333
"RNC_N=300,mq=1,p=0.144000",300.000000, 225, 376, 1.253333, -0.441456, 129.729477, 1.405221, 192.592560, 0.684167, 15, 2.506667, 11659.026367, 300, 0.003333
"RNC_N=300,mq=1,p=0.146000",300.000000, 219, 355, 1.183333, -0.473924, 126.328346, 1.276700, 199.149292, 0.675521, 13, 2.366667, 6317.634766, 300, 0.003333
"RNC_N=300,mq=1,p=0.148000",300.000000, 253, 465, 1.550000, -0.579996, 118.517868, 1.243736, 235.208664, 0.616094, 14, 3.100000, 18509.064453, 300, 0.003333
"RNC_N=300,mq=1,p=0.150000",300.000000, 201, 301, 1.003333, -0.368530, 142.912933, 1.321622, 177.600220, 0.712135, 11, 2.006667, 5517.975098, 300, 0.003333
"RNC_N=300,mq=1,p=0.152000",300.000000, 260, 484, 1.613333, -0.554929, 125.379768, 1.367290, 234.118256, 0.619062, 15, 3.226667, 19194.591797, 300, 0.003333
"RNC_N=300,mq=1,p=0.154000",300.000000, 283, 655, 2.183333, -0.636490, 106.945999, 1.391571, 257.588104, 0.583646, 15, 4.366667, 37077.667969, 300, 0.003333
"RNC_N=300,mq=1,p=0.156000",300.000000, 247, 442, 1.473333, -0.558925, 120.787224, 1.287042, 227.863785, 0.625885, 13, 2.946667, 10635.121094, 300, 0.003333
"RNC_N=300,mq=1,p=0.158000",300.000000, 211, 328, 1.093333, -0.392388, 138.042877, 1.381374, 183.709717, 0.701927, 12, 2.186667, 4135.553711, 300, 0.003333
"RNC_N=300,mq=1,p=0.160000",300.000000, 251, 496, 1.653333, -0.556541, 109.331879, 1.392230, 232.623474, 0.621302, 16, 3.306667, 23155.691406, 300, 0.003333
"RNC_N=300,mq=1,p=0.162000",300.000000, 272, 509, 1.696667, -0.594374, 120.631920, 1.289773, 245.665268, 0.600104, 14, 3.393333, 23499.613281, 300, 0.003333
"RNC_N=300,mq=1,p=0.164000",300.000000, 250, 485, 1.616667, -0.528558, 126.512329, 1.428175, 221.646393, 0.638906, 17, 3.233333, 15133.649414, 300, 0.003333
"RNC_N=300,mq=1,p=0.166000",300.000000, 249, 465, 1.550000, -0.541765, 123.904388, 1.341876, 231.137863, 0.625521, 15, 3.100000, 17911.056641, 300, 0.003333
"RNC_N=300,mq=1,p=0.168000",300.000000, 258, 489, 1.630000, -0.568569, 126.409729, 1.332237, 236.467285, 0.616094, 15, 3.260000, 16335.722656, 300, 0.003333
"RNC_N=300,mq=1,p=0.170000",300.000000, 255, 535, 1.783333, -0.524276, 126.734428, 1.459428, 226.984238, 0.625885, 16, 3.566667, 14595.639648, 300, 0.003333
"RNC_N=300,mq=1,p=0.172000",300.000000, 226, 332, 1.106667, -0.401574, 144.369431, 1.421888, 190.492935, 0.690052, 12, 2.213333, 3338.346924, 300, 0.003333
"RNC_N=300,mq=1,p=0.174000",300.000000, 222, 381, 1.270000, -0.465146, 135.522720, 1.356075, 204.195694, 0.664844, 14, 2.540000, 12934.582031, 300, 0.003333
"RNC_N=300,mq=1,p=0.176000",300.000000, 277, 586, 1.953333, -0.578555, 118.036545, 1.414606, 247.191574, 0.597396, 16, 3.906667, 27299.341797, 300, 0.003333
"RNC_N=300,mq=1,p=0.178000",300.000000, 237, 376, 1.253333, -0.494823, 136.319748, 1.298578, 215.400757, 0.649896, 13, 2.506667, 7462.975098, 300, 0.003333
"RNC_N=300,mq=1,p=0.180000",300.000000, 235, 399, 1.330000, -0.478957, 132.856766, 1.350946, 210.924637, 0.653385, 12, 2.660000, 12395.303711, 300, 0.003333
"RNC_N=300,mq=1,p=0.182000",300.000000, 238, 436, 1.453333, -0.420851, 146.036758, 1.434542, 208.314926, 0.659844, 13, 2.906667, 8329.396484, 300, 0.003333
"RNC_N=300,mq=1,p=0.184000",300.000000, 268, 530, 1.766667, -0.571685, 121.728752, 1.424146, 241.400040, 0.604896, 15, 3.533333, 31698.767578, 300, 0.003333
"RNC_N=300,mq=1,p=0.186000",300.000000, 262, 509, 1.696667, -0.532707, 132.953720, 1.389622, 230.377502, 0.625573, 15, 3.393333, 13073.593750, 300, 0.003333
"RNC_N=300,mq=1,p=0.188000",300.000000, 251, 430, 1.433333, -0.441848, 153.795685, 1.449001, 219.190643, 0.647865, 13, 2.866667, 9792.631836, 300, 0.003333
"RNC_N=300,mq=1,p=0.190000",300.000000, 204, 327, 1.090000, -0.329936, 147.663574, 1.418771, 182.228119, 0.709063, 11, 2.180000, 3582.282715, 300, 0.003333
"RNC_N=300,mq=1,p=0.192000",300.000000, 266, 516, 1.720000, -0.564424, 135.714539, 1.368218, 242.421036, 0.607865, 16, 3.440000, 21539.927734, 300, 0.003333
"RNC_N=300,mq=1,p=0.194000",300.000000, 264, 527, 1.756667, -0.548306, 122.102547, 1.442214, 236.506409, 0.616302, 16, 3.513333, 28192.992188, 300, 0.003333
"RNC_N=300,mq=1,p=0.196000",300.000000, 278, 573, 1.910000, -0.609361, 114.834953, 1.387410, 252.070938, 0.589948, 15, 3.820000, 29442.324219, 300, 0.003333
"RNC_N=300,mq=1,p=0.198000",300.000000, 247, 452, 1.506667, -0.517303, 118.358261, 1.409637, 218.869629, 0.644010, 14, 3.013333, 14657.923828, 300, 0.003333
"RNC_N=300,mq=1,p=0.200000",300.000000, 277, 649, 2.163333, -0.581001, 114.655762, 1.502224, 252.342957, 0.591719, 17, 4.326667, 28750.048828, 300, 0.003333
"RNC_N=300,mq=1,p=0.202000",300.000000, 260, 533, 1.776667, -0.524092, 130.638779, 1.502044, 232.130783, 0.621875, 16, 3.553333, 13982.181641, 300, 0.003333
"RNC_N=300,mq=1,p=0.204000",300.000000, 249, 466, 1.553333, -0.492917, 126.207230, 1.467124, 224.582016, 0.638333, 16, 3.106667, 19476.609375, 300, 0.003333
"RNC_N=300,mq=1,p=0.206000",300.000000, 279, 595, 1.983333, -0.592324, 127.800491, 1.365479, 247.222778, 0.596250, 15, 3.966667, 18635.595703, 300, 0.003333
"RNC_N=300,mq=1,p=0.208000",300.000000, 264, 508, 1.693333, -0.514767, 136.581161, 1.446932, 231.621033, 0.626562, 15, 3.386667, 32855.054688, 300, 0.003333
"RNC_N=300,mq=1,p=0.210000",300.000000, 270, 505, 1.683333, -0.555987, 119.179695, 1.413309, 242.299454, 0.610833, 15, 3.366667, 17333.650391, 300, 0.003333
"RNC_N=300,mq=1,p=0.212000",300.000000, 286, 643, 2.143333, -0.606712, 119.414795, 1.432068, 262.768951, 0.573906, 15, 4.286667, 30563.416016, 300, 0.003333
"RNC_N=300,mq=1,p=0.214000",300.000000, 289, 821, 2.736667, -0.675714, 94.544678, 1.317637, 266.824066, 0.567083, 14, 5.473333, 54588.707031, 300, 0.003333
"RNC_N=300,mq=1,p=0.216000",300.000000, 272, 602, 2.006667, -0.557589, 120.504280, 1.514153, 237.474991, 0.617552, 16, 4.013333, 17709.898438, 300, 0.003333
"RNC_N=300,mq=1,p=0.218000",300.000000, 287, 700, 2.333333, -0.620518, 111.523491, 1.422831, 260.029144, 0.580156, 18, 4.666667, 36586.523438, 300, 0.003333
"RNC_N=300,mq=1,p=0.220000",300.000000, 255, 440, 1.466667, -0.413435, 157.868240, 1.576184, 213.948349, 0.654635, 16, 2.933333, 6366.660156, 300, 0.003333
"RNC_N=300,mq=1,p=0.222000",300.000000, 269, 614, 2.046667, -0.504367, 137.246902, 1.589365, 231.085770, 0.623229, 17, 4.093333, 19733.388672, 300, 0.003333
"RNC_N=300,mq=1,p=0.224000",300.000000, 276, 662, 2.206667, -0.546081, 134.371216, 1.525396, 242.243942, 0.607969, 17, 4.413333, 21570.697266, 300, 0.003333
"RNC_N=300,mq=1,p=0.226000",300.000000, 266, 531, 1.770000, -0.507480, 135.455963, 1.502058, 233.989807, 0.620000, 16, 3.540000, 14880.549805, 300, 0.003333
"RNC_N=300,mq=1,p=0.228000",300.000000, 293, 917, 3.056667, -0.654273, 98.462479, 1.470397, 266.753540, 0.569271, 17, 6.113333, 57963.761719, 300, 0.003333
"RNC_N=300,mq=1,p=0.230000",300.000000, 270, 551, 1.836667, -0.487368, 143.162521, 1.543032, 232.782822, 0.625260, 15, 3.673333, 16275.914062, 300, 0.003333
"RNC_N=300,mq=1,p=0.232000",300.000000, 277, 645, 2.150000, -0.547383, 126.187309, 1.473732, 242.443405, 0.605781, 14, 4.300000, 15761.013672, 300, 0.003333
"RNC_N=300,mq=1,p=0.234000",300.000000, 267, 499, 1.663333, -0.476443, 146.860199, 1.572028, 229.291718, 0.630365, 16, 3.326667, 7754.027832, 300, 0.003333
"RNC_N=300,mq=1,p=0.236000",300.000000, 287, 716, 2.386667, -0.547608, 130.463379, 1.587818, 250.496323, 0.590260, 15, 4.773334, 20740.554688, 300, 0.003333
"RNC_N=300,mq=1,p=0.238000",300.000000, 264, 503, 1.676667, -0.514221, 135.420303, 1.480080, 234.992722, 0.620260, 15, 3.353333, 22812.628906, 300, 0.003333
"RNC_N=300,mq=1,p=0.240000",300.000000, 256, 443, 1.476667, -0.447928, 147.124146, 1.464227, 218.590164, 0.645104, 15, 2.953333, 7693.320312, 300, 0.003333
"RNC_N=300,mq=1,p=0.242000",300.000000, 255, 536, 1.786667, -0.462518, 149.590805, 1.561926, 220.367035, 0.645938, 17, 3.573333, 11687.397461, 300, 0.003333
"RNC_N=300,mq=1,p=0.244000",300.000000, 294, 751, 2.503333, -0.628926, 102.886505, 1.486645, 263.030212, 0.573594, 17, 5.006667, 42809.929688, 300, 0.003333
"RNC_N=300,mq=1,p=0.246000",300.000000, 230, 353, 1.176667, -0.386630, 149.628006, 1.400325, 189.763977, 0.695938, 14, 2.353333, 4358.541504, 300, 0.003333
"RNC_N=300,mq=1,p=0.248000",300.000000, 270, 538, 1.793333, -0.468753, 134.289200, 1.603149, 237.653137, 0.618906, 15, 3.586667, 13512.707031, 300, 0.003333
"RNC_N=300,mq=1,p=0.250000",300.000000, 293, 838, 2.793333, -0.666124, 95.679642, 1.426517, 267.961792, 0.563646, 17, 5.586667, 55568.671875, 300, 0.003333
"RNC_N=300,mq=1,p=0.252000",300.000000, 283, 807, 2.690000, -0.616789, 101.027206, 1.549379, 257.194580, 0.580000, 18, 5.380000, 49882.804688, 300, 0.003333
"RNC_N=300,mq=1,p=0.254000",300.000000, 285, 701, 2.336667, -0.588899, 114.562965, 1.510836, 257.680969, 0.586354, 16, 4.673333, 35990.093750, 300, 0.003333
"RNC_N=300,mq=1,p=0.256000",300.000000, 261, 549, 1.830000, -0.423750, 145.585251, 1.713201, 226.802704, 0.633438, 15, 3.660000, 8149.305176, 300, 0.003333
"RNC_N=300,mq=1,p=0.258000",300.000000, 290, 767, 2.556667, -0.526031, 125.942459, 1.729740, 255.251984, 0.582448, 16, 5.113333, 26908.294922, 300, 0.003333
"RNC_N=300,mq=1,p=0.260000",300.000000, 274, 576, 1.920000, -0.492159, 144.744751, 1.558869, 236.656281, 0.616354, 17, 3.840000, 13408.327148, 300, 0.003333
"RNC_N=300,mq=1,p=0.262000",300.000000, 285, 726, 2.420000, -0.581728, 120.916145, 1.581095, 259.218933, 0.581146, 17, 4.840000, 35396.527344, 300, 0.003333
"RNC_N=300,mq=1,p=0.264000",300.000000, 286, 743, 2.476667, -0.562752, 125.959694, 1.582162, 247.530273, 0.600833, 17, 4.953333, 26145.373047, 300, 0.003333
"RNC_N=300,mq=1,p=0.266000",300.000000, 277, 605, 2.016667, -0.464099, 145.954483, 1.678411, 230.591431, 0.626771, 17, 4.033333, 13811.665039, 300, 0.003333
"RNC_N=300,mq=1,p=0.268000",300.000000, 278, 591, 1.970000, -0.492053, 145.075699, 1.566641, 236.020721, 0.618698, 17, 3.940000, 10884.942383, 300, 0.003333
"RNC_N=300,mq=1,p=0.270000",300.000000, 286, 668, 2.226667, -0.525896, 126.318146, 1.708514, 248.701187, 0.596406, 17, 4.453333, 20240.333984, 300, 0.003333
"RNC_N=300,mq=1,p=0.272000",300.000000, 280, 599, 1.996667, -0.502471, 136.817703, 1.654397, 238.652420, 0.616771, 16, 3.993333, 13309.977539, 300, 0.003333
"RNC_N=300,mq=1,p=0.274000",300.000000, 271, 552, 1.840000, -0.472241, 142.170044, 1.647204, 233.999268, 0.624531, 16, 3.680000, 12141.254883, 300, 0.003333
"RNC_N=300,mq=1,p=0.276000",300.000000, 276, 635, 2.116667, -0.517904, 124.747208, 1.631051, 241.283340, 0.611042, 14, 4.233333, 26767.775391, 300, 0.003333
"RNC_N=300,mq=1,p=0.278000",300.000000, 293, 750, 2.500000, -0.576693, 116.991974, 1.624474, 257.298096, 0.582656, 16, 5.000000, 37540.000000, 300, 0.003333
"RNC_N=300,mq=1,p=0.280000",300.000000, 283, 683, 2.276667, -0.509056, 134.505875, 1.688372, 246.810196, 0.609219, 16, 4.553333, 16220.153320, 300, 0.003333
"RNC_N=300,mq=1,p=0.282000",300.000000, 298, 965, 3.216667, -0.608750, 108.986275, 1.653139, 267.258392, 0.567604, 19, 6.433333, 52149.777344, 300, 0.003333
"RNC_N=300,mq=1,p=0.284000",300.000000, 292, 748, 2.493333, -0.612965, 104.257156, 1.536407, 265.972321, 0.569531, 16, 4.986667, 43223.933594, 300, 0.003333
"RNC_N=300,mq=1,p=0.286000",300.000000, 283, 690, 2.300000, -0.554309, 124.078362, 1.582554, 247.487122, 0.598802, 18, 4.600000, 35256.046875, 300, 0.003333
"RNC_N=300,mq=1,p=0.288000",300.000000, 288, 876, 2.920000, -0.608669, 107.672752, 1.620062, 263.053497, 0.571042, 17, 5.840000, 49456.527344, 300, 0.003333
"RNC_N=300,mq=1,p=0.290000",300.000000, 289, 810, 2.700000, -0.565015, 119.642906, 1.638130, 257.571838, 0.581406, 18, 5.400000, 29862.042969, 300, 0.003333
"RNC_N=300,mq=1,p=0.292000",300.000000, 274, 624, 2.080000, -0.509473, 130.368179, 1.652984, 236.824402, 0.621406, 18, 4.160000, 17384.343750, 300, 0.003333
"RNC_N=300,mq=1,p=0.294000",300.000000, 292, 790, 2.633333, -0.540320, 125.495819, 1.686007, 255.816742, 0.584271, 16, 5.266667, 36522.636719, 300, 0.003333
"RNC_N=300,mq=1,p=0.296000",300.000000, 286, 813, 2.710000, -0.538387, 116.640450, 1.760585, 253.500809, 0.586354, 18, 5.420000, 27931.033203, 300, 0.003333
"RNC_N=300,mq=1,p=0.298000",300.000000, 291, 776, 2.586667, -0.562579, 121.973991, 1.647251, 255.225571, 0.585625, 19, 5.173333, 27496.916016, 300, 0.003333
"RNC_N=300,mq=1,p=0.300000",300.000000, 294, 706, 2.353333, -0.524726, 138.592529, 1.657105, 251.972046, 0.587448, 16, 4.706666, 12470.190430, 300, 0.003333
"RNC_N=300,mq=1,p=0.302000",300.000000, 278, 604, 2.013333, -0.410272, 146.429459, 1.788105, 231.316269, 0.630417, 16, 4.026667, 13029.795898, 300, 0.003333
"RNC_N=300,mq=1,p=0.304000",300.000000, 292, 800, 2.666667, -0.537051, 120.935555, 1.706561, 254.588577, 0.591979, 17, 5.333333, 26166.734375, 300, 0.003333
"RNC_N=300,mq=1,p=0.306000",300.000000, 292, 848, 2.826667, -0.577264, 117.593964, 1.637341, 259.938141, 0.581250, 17, 5.653333, 45173.917969, 300, 0.003333
"RNC_N=300,mq=1,p=0.308000",300.000000, 295, 825, 2.750000, -0.590788, 109.861961, 1.650442, 265.750427, 0.570000, 18, 5.500000, 34899.000000, 300, 0.003333
"RNC_N=300,mq=1,p=0.310000",300.000000, 289, 853, 2.843333, -0.549731, 122.931702, 1.750077, 258.666107, 0.583125, 19, 5.686666, 31284.605469, 300, 0.003333
"RNC_N=300,mq=1,p=0.312000",300.000000, 292, 793, 2.643333, -0.518445, 146.038071, 1.578612, 247.777084, 0.601719, 17, 5.286667, 19787.382812, 300, 0.003333
"RNC_N=300,mq=1,p=0.314000",300.000000, 291, 826, 2.753333, -0.532241, 123.369270, 1.759767, 260.182831, 0.584323, 17, 5.506667, 32952.972656, 300, 0.003333
"RNC_N=300,mq=1,p=0.316000",300.000000, 296, 800, 2.666667, -0.558187, 119.549728, 1.690798, 261.484467, 0.572865, 17, 5.333333, 36226.570312, 300, 0.003333
"RNC_N=300,mq=1,p=0.318000",300.000000, 291, 715, 2.383333, -0.489762, 130.654968, 1.794680, 257.575470, 0.590417, 18, 4.766667, 28179.669922, 300, 0.003333
"RNC_N=300,mq=1,p=0.320000",300.000000, 290, 780, 2.600000, -0.550193, 120.680672, 1.678929, 255.028397, 0.582500, 18, 5.200000, 31765.964844, 300, 0.003333
"RNC_N=300,mq=1,p=0.322000",300.000000, 292, 913, 3.043333, -0.589283, 106.726967, 1.694132, 263.276611, 0.573125, 19, 6.086667, 42361.726562, 300, 0.003333
"RNC_N=300,mq=1,p=0.324000",300.000000, 299, 880, 2.933333, -0.566357, 115.541130, 1.750713, 266.104919, 0.569635, 18, 5.866667, 32574.740234, 300, 0.003333
"RNC_N=300,mq=1,p=0.326000",300.000000, 292, 795, 2.650000, -0.522822, 125.160080, 1.694771, 258.303528, 0.583281, 17, 5.300000, 26164.939453, 300, 0.003333
"RNC_N=300,mq=1,p=0.328000",300.000000, 295, 729, 2.430000, -0.499506, 133.521469, 1.829750, 250.690460, 0.598125, 18, 4.860000, 24558.121094, 300, 0.003333
"RNC_N=300,mq=1,p=0.330000",300.000000, 298, 963, 3.210000, -0.568663, 110.462234, 1.769430, 267.382721, 0.570833, 18, 6.420000, 48182.835938, 300, 0.003333
"RNC_N=300,mq=1,p=0.332000",300.000000, 297, 962, 3.206667, -0.580775, 119.621490, 1.601089, 264.532135, 0.571667, 17, 6.413333, 40878.738281, 300, 0.003333
"RNC_N=300,mq=1,p=0.334000",300.000000, 280, 679, 2.263333, -0.466291, 140.459351, 1.760477, 240.111160, 0.614427, 17, 4.526667, 14328.784180, 300, 0.003333
"RNC_N=300,mq=1,p=0.336000",300.000000, 288, 772, 2.573333, -0.535042, 123.433006, 1.748647, 250.250946, 0.593490, 18, 5.146667, 26207.537109, 300, 0.003333
"RNC_N=300,mq=1,p=0.338000",300.000000, 283, 930, 3.100000, -0.542616, 119.790047, 1.828434, 252.907700, 0.591146, 20, 6.200000, 45435.984375, 300, 0.003333
"RNC_N=300,mq=1,p=0.340000",300.000000, 296, 831, 2.770000, -0.574170, 123.873108, 1.656572, 262.465637, 0.577500, 18, 5.540000, 29612.394531, 300, 0.003333
"RNC_N=300,mq=1,p=0.342000",300.000000, 295, 908, 3.026667, -0.518995, 135.634644, 1.803258, 254.837463, 0.587656, 18, 6.053333, 17551.148438, 300, 0.003333
"RNC_N=300,mq=1,p=0.344000",300.000000, 297, 973, 3.243333, -0.579745, 102.110764, 1.847124, 270.902710, 0.559271, 19, 6.486667, 48154.863281, 300, 0.003333
"RNC_N=300,mq=1,p=0.346000",300.000000, 295, 1109, 3.696667, -0.595837, 103.678284, 1.792036, 267.777405, 0.569219, 19, 7.393333, 60551.593750, 300, 0.003333
"RNC_N=300,mq=1,p=0.348000",300.000000, 294, 872, 2.906667, -0.525978, 130.895325, 1.780619, 257.446838, 0.582812, 18, 5.813334, 27619.546875, 300, 0.003333
"RNC_N=300,mq=1,p=0.350000",300.000000, 292, 886, 2.953333, -0.548643, 119.527069, 1.810782, 255.158096, 0.586146, 18, 5.906667, 30309.376953, 300, 0.003333
"RNC_N=300,mq=1,p=0.352000",300.000000, 269, 588, 1.960000, -0.422618, 147.335663, 1.705731, 224.311630, 0.638802, 16, 3.920000, 8354.071289, 300, 0.003333
"RNC_N=300,mq=1,p=0.354000",300.000000, 296, 993, 3.310000, -0.536429, 113.978798, 1.883005, 264.287659, 0.570573, 18, 6.620000, 38016.671875, 300, 0.003333
"RNC_N=300,mq=1,p=0.356000",300.000000, 294, 836, 2.786667, -0.558381, 123.105774, 1.690729, 259.132141, 0.582344, 18, 5.573333, 34561.382812, 300, 0.003333
"RNC_N=300,mq=1,p=0.358000",300.000000, 285, 751, 2.503333, -0.431775, 137.774292, 2.003870, 243.241470, 0.606719, 18, 5.006667, 12959.978516, 300, 0.003333
"RNC_N=300,mq=1,p=0.360000",300.000000, 299, 1052, 3.506667, -0.608487, 102.203087, 1.704139, 267.748749, 0.558281, 19, 7.013333, 49184.007812, 300, 0.003333
"RNC_N=300,mq=1,p=0.362000",300.000000, 296, 999, 3.330000, -0.576128, 107.833763, 1.767919, 263.048157, 0.572292, 19, 6.660000, 45699.191406, 300, 0.003333
"RNC_N=300,mq=1,p=0.364000",300.000000, 295, 873, 2.910000, -0.521688, 127.458244, 1.806764, 250.915649, 0.594063, 16, 5.820000, 22232.292969, 300, 0.003333
"RNC_N=300,mq=1,p=0.366000",300.000000, 298, 870, 2.900000, -0.567119, 117.952797, 1.722094, 259.585052, 0.575781, 18, 5.800000, 30447.949219, 300, 0.003333
"RNC_N=300,mq=1,p=0.368000",300.000000, 296, 1048, 3.493333, -0.552204, 108.434921, 1.907263, 265.945953, 0.569062, 19, 6.986667, 37194.007812, 300, 0.003333
"RNC_N=300,mq=1,p=0.370000",300.000000, 291, 874, 2.913333, -0.515877, 139.193665, 1.732048, 248.781479, 0.599583, 18, 5.826667, 19400.916016, 300, 0.003333
"RNC_N=300,mq=1,p=0.372000",300.000000, 298, 988, 3.293333, -0.507827, 130.386032, 1.916042, 260.357452, 0.580208, 19, 6.586667, 24736.693359, 300, 0.003333
"RNC_N=300,mq=1,p=0.374000",300.000000, 298, 1043, 3.476667, -0.522420, 122.215279, 1.912815, 259.017609, 0.582240, 19, 6.953333, 32073.369141, 300, 0.003333
"RNC_N=300,mq=1,p=0.376000",300.000000, 298, 956, 3.186667, -0.554050, 110.800301, 1.827122, 261.802338, 0.573594, 18, 6.373333, 43544.171875, 300, 0.003333
"RNC_N=300,mq=1,p=0.378000",300.000000, 296, 1004, 3.346667, -0.554023, 113.148499, 1.843645, 258.390472, 0.578802, 18, 6.693333, 42365.730469, 300, 0.003333
"RNC_N=300,mq=1,p=0.380000",300.000000, 291, 880, 2.933333, -0.482005, 134.105499, 1.880765, 252.627121, 0.592760, 19, 5.866667, 16362.649414, 300, 0.003333
"RNC_N=300,mq=1,p=0.382000",300.000000, 292, 833, 2.776667, -0.465502, 130.895294, 1.954877, 252.464432, 0.588073, 18, 5.553333, 17664.162109, 300, 0.003333
"RNC_N=300,mq=1,p=0.384000",300.000000, 296, 920, 3.066667, -0.548414, 112.630669, 1.838356, 265.198395, 0.563802, 20, 6.133333, 40420.718750, 300, 0.003333
"RNC_N=300,mq=1,p=0.386000",300.000000, 295, 865, 2.883333, -0.515667, 124.529770, 1.831692, 254.690247, 0.587552, 17, 5.766667, 32923.660156, 300, 0.003333
"RNC_N=300,mq=1,p=0.388000",300.000000, 293, 707, 2.356667, -0.492780, 135.263580, 1.768172, 254.290741, 0.588281, 17, 4.713333, 16573.355469, 300, 0.003333
"RNC_N=300,mq=1,p=0.390000",300.000000, 294, 986, 3.286667, -0.546335, 119.332169, 1.820599, 258.082458, 0.578125, 18, 6.573333, 32771.351562, 300, 0.003333
"RNC_N=300,mq=1,p=0.392000",300.000000, 296, 934, 3.113333, -0.517602, 115.592911, 1.887071, 263.598724, 0.576302, 19, 6.226666, 31296.664062, 300, 0.003333
"RNC_N=300,mq=1,p=0.394000",300.000000, 296, 1009, 3.363333, -0.576032, 111.462601, 1.795896, 263.120880, 0.573854, 18, 6.726666, 37009.316406, 300, 0.003333
"RNC_N=300,mq=1,p=0.396000",300.000000, 298, 1107, 3.690000, -0.560857, 105.237717, 1.869395, 264.132751, 0.573333, 20, 7.380000, 61498.742188, 300, 0.003333
"RNC_N=300,mq=1,p=0.398000",300.000000, 299, 986, 3.286667, -0.542558, 118.728539, 1.837240, 260.969849, 0.577135, 18, 6.573333, 41317.421875, 300, 0.003333
"RNC_N=300,mq=1,p=0.400000",300.000000, 298, 1015, 3.383333, -0.548090, 114.097260, 1.863471, 264.951904, 0.568750, 17, 6.766667, 37311.707031, 300, 0.003333
"RNC_N=300,mq=1,p=0.402000",300.000000, 293, 941, 3.136667, -0.522499, 125.399826, 1.863413, 253.832764, 0.591771, 17, 6.273334, 26437.576172, 300, 0.003333
"RNC_N=300,mq=1,p=0.404000",300.000000, 297, 1328, 4.426667, -0.615912, 102.095642, 1.777199, 270.201385, 0.560365, 20, 8.853333, 76959.570312, 300, 0.003333
"RNC_N=300,mq=1,p=0.406000",300.000000, 295, 941, 3.136667, -0.537441, 120.033417, 1.847995, 262.280304, 0.572500, 19, 6.273334, 34473.574219, 300, 0.003333
"RNC_N=300,mq=1,p=0.408000",300.000000, 291, 833, 2.776667, -0.477153, 143.510208, 1.836691, 249.998032, 0.596510, 18, 5.553333, 16030.149414, 300, 0.003333
"RNC_N=300,mq=1,p=0.410000",300.000000, 291, 938, 3.126667, -0.513522, 121.214226, 1.906242, 252.246460, 0.594792, 18, 6.253334, 27938.775391, 300, 0.003333
"RNC_N=300,mq=1,p=0.412000",300.000000, 294, 859, 2.863333, -0.492241, 134.292236, 1.869075, 248.748581, 0.597292, 18, 5.726666, 18547.597656, 300, 0.003333
"RNC_N=300,mq=1,p=0.414000",300.000000, 298, 959, 3.196667, -0.530173, 115.757553, 1.910474, 266.053314, 0.570260, 19, 6.393333, 38743.593750, 300, 0.003333
"RNC_N=300,mq=1,p=0.416000",300.000000, 299, 1177, 3.923333, -0.557202, 108.746384, 1.921469, 262.804718, 0.572344, 20, 7.846667, 51928.832031, 300, 0.003333
"RNC_N=300,mq=1,p=0.418000",300.000000, 299, 1169, 3.896667, -0.560978, 102.422119, 1.921085, 269.757355, 0.565260, 19, 7.793334, 54435.136719, 300, 0.003333
"RNC_N=300,mq=1,p=0.420000",300.000000, 295, 970, 3.233333, -0.530714, 114.666122, 1.807685, 262.931244, 0.578438, 19, 6.466667, 37550.843750, 300, 0.003333
"RNC_N=300,mq=1,p=0.422000",300.000000, 298, 958, 3.193333, -0.490918, 133.730927, 1.917313, 255.265381, 0.591927, 19, 6.386667, 22957.066406, 300, 0.003333
"RNC_N=300,mq=1,p=0.424000",300.000000, 292, 981, 3.270000, -0.521146, 119.842545, 1.887907, 257.795074, 0.585000, 18, 6.540000, 35670.660156, 300, 0.003333
"RNC_N=300,mq=1,p=0.426000",300.000000, 299, 1263, 4.210000, -0.557070, 109.915726, 1.963212, 265.018402, 0.571563, 20, 8.420000, 68007.125000, 300, 0.003333
"RNC_N=300,mq=1,p=0.428000",300.000000, 299, 1228, 4.093333, -0.577878, 99.382446, 1.901631, 268.438873, 0.565052, 18, 8.186666, 77133.539062, 300, 0.003333
"RNC_N=300,mq=1,p=0.430000",300.000000, 300, 1178, 3.926667, -0.568074, 107.807213, 1.896985, 265.241089, 0.567604, 20, 7.853333, 43861.453125, 300, 0.003333
"RNC_N=300,mq=1,p=0.432000",300.000000, 296, 1067, 3.556667, -0.528936, 118.202522, 1.932280, 265.404175, 0.573698, 19, 7.113333, 52181.769531, 300, 0.003333
"RNC_N=300,mq=1,p=0.434000",300.000000, 299, 1089, 3.630000, -0.542809, 117.170052, 1.928125, 264.246887, 0.571875, 20, 7.260000, 45053.820312, 300, 0.003333
"RNC_N=300,mq=1,p=0.436000",300.000000, 299, 1171, 3.903333, -0.545003, 112.220619, 1.892555, 266.052582, 0.572969, 18, 7.806667, 57515.203125, 300, 0.003333
"RNC_N=300,mq=1,p=0.438000",300.000000, 298, 1044, 3.480000, -0.496663, 124.255440, 1.991298, 261.583374, 0.575938, 19, 6.960000, 30363.564453, 300, 0.003333
"RNC_N=300,mq=1,p=0.440000",300.000000, 290, 760, 2.533333, -0.447373, 132.668076, 1.916241, 250.163452, 0.598177, 18, 5.066667, 19038.687500, 300, 0.003333
"RNC_N=300,mq=1,p=0.442000",300.000000, 295, 938, 3.126667, -0.474349, 129.496246, 1.985334, 249.891174, 0.595990, 20, 6.253334, 30882.771484, 300, 0.003333
"RNC_N=300,mq=1,p=0.444000",300.000000, 295, 1122, 3.740000, -0.541881, 110.970253, 1.936435, 265.136383, 0.571927, 19, 7.480000, 52816.972656, 300, 0.003333
"RNC_N=300,mq=1,p=0.446000",300.000000, 298, 1193, 3.976667, -0.504701, 116.432686, 2.096391, 259.183289, 0.574219, 19, 7.953333, 41635.402344, 300, 0.003333
"RNC_N=300,mq=1,p=0.448000",300.000000, 300, 1221, 4.070000, -0.562113, 101.781944, 1.952149, 268.385498, 0.568281, 20, 8.140000, 70422.242188, 300, 0.003333
"RNC_N=300,mq=1,p=0.450000",300.000000, 292, 856, 2.853333, -0.454738, 136.006348, 1.976153, 249.462875, 0.600521, 18, 5.706666, 25310.220703, 300, 0.003333
"RNC_N=300,mq=1,p=0.452000",300.000000, 297, 1239, 4.130000, -0.561840, 99.001091, 1.951476, 268.611877, 0.565000, 19, 8.260000, 75383.632812, 300, 0.003333
"RNC_N=300,mq=1,p=0.454000",300.000000, 300, 1066, 3.553333, -0.512482, 114.697968, 1.987140, 264.400116, 0.573385, 19, 7.106667, 42926.617188, 300, 0.003333
"RNC_N=300,mq=1,p=0.456000",300.000000, 299, 1190, 3.966667, -0.557483, 105.718414, 1.908460, 267.351501, 0.564896, 20, 7.933333, 62072.683594, 300, 0.003333
"RNC_N=300,mq=1,p=0.458000",300.000000, 300, 1159, 3.863333, -0.514515, 109.461716, 2.041684, 266.695801, 0.570000, 19, 7.726666, 49287.285156, 300, 0.003333
"RNC_N=300,mq=1,p=0.460000",300.000000, 299, 955, 3.183333, -0.504541, 124.997040, 1.928760, 263.300079, 0.574948, 20, 6.366667, 40863.656250, 300, 0.003333
"RNC_N=300,mq=1,p=0.462000",300.000000, 297, 1108, 3.693333, -0.521217, 117.690254, 1.891097, 261.056152, 0.580938, 17, 7.386667, 38842.917969, 300, 0.003333
"RNC_N=300,mq=1,p=0.464000",300.000000, 296, 1104, 3.680000, -0.501521, 116.978767, 1.991625, 257.701294, 0.582135, 19, 7.360000, 44733.023438, 300, 0.003333
"RNC_N=300,mq=1,p=0.466000",300.000000, 298, 1006, 3.353333, -0.517636, 116.839737, 1.950031, 258.678833, 0.582552, 19, 6.706666, 33984.160156, 300, 0.003333
"RNC_N=300,mq=1,p=0.468000",300.000000, 298, 1111, 3.703333, -0.496992, 120.677574, 2.048250, 258.436523, 0.582708, 19, 7.406667, 50270.417969, 300, 0.003333
"RNC_N=300,mq=1,p=0.470000",300.000000, 300, 1347, 4.490000, -0.571938, 101.635513, 1.984596, 268.164246, 0.566302, 21, 8.980000, 68999.851562, 300, 0.003333
"RNC_N=300,mq=1,p=0.472000",300.000000, 298, 1000, 3.333333, -0.496716, 116.857567, 2.008784, 265.008667, 0.573594, 18, 6.666667, 48174.527344, 300, 0.003333
"RNC_N=300,mq=1,p=0.474000",300.000000, 299, 1158, 3.860000, -0.473141, 121.439735, 2.115324, 258.444031, 0.582708, 19, 7.720000, 43988.503906, 300, 0.003333
"RNC_N=300,mq=1,p=0.476000",300.000000, 298, 1072, 3.573333, -0.488455, 118.175621, 2.066087, 260.224213, 0.577812, 19, 7.146667, 33533.605469, 300, 0.003333
"RNC_N=300,mq=1,p=0.478000",300.000000, 293, 779, 2.596667, -0.390858, 139.223175, 2.026402, 251.549103, 0.596667, 16, 5.193333, 8630.759766, 300, 0.003333
"RNC_N=300,mq=1,p=0.480000",300.000000, 298, 1174, 3.913333, -0.497959, 113.280952, 2.084717, 264.787079, 0.572292, 19, 7.826667, 56380.906250, 300, 0.003333
"RNC_N=300,mq=1,p=0.482000",300.000000, 297, 1224, 4.080000, -0.484475, 116.172684, 2.128886, 258.620300, 0.580781, 21, 8.160000, 37064.179688, 300, 0.003333
"RNC_N=300,mq=1,p=0.484000",300.000000, 299, 1373, 4.576667, -0.520373, 107.798653, 2.111781, 263.761597, 0.570208, 21, 9.153334, 56461.140625, 300, 0.003333
"RNC_N=300,mq=1,p=0.486000",300.000000, 299, 1189, 3.963333, -0.502290, 120.886032, 2.099996, 261.836853, 0.573802, 20, 7.926667, 52416.390625, 300, 0.003333
"RNC_N=300,mq=1,p=0.488000",300.000000, 299, 1509, 5.030000, -0.556651, 99.663124, 2.076236, 270.764984, 0.566562, 21, 10.060000, 106933.015625, 300, 0.003333
"RNC_N=300,mq=1,p=0.490000",300.000000, 299, 1049, 3.496667, -0.488043, 115.057602, 2.074832, 260.392395, 0.581667, 18, 6.993333, 28554.029297, 300, 0.003333
"RNC_N=300,mq=1,p=0.492000",300.000000, 298, 1040, 3.466667, -0.508146, 122.563179, 1.965432, 255.940323, 0.586302, 19, 6.933333, 33812.660156, 300, 0.003333
"RNC_N=300,mq=1,p=0.494000",300.000000, 300, 1293, 4.310000, -0.540953, 109.100082, 1.949374, 269.293701, 0.565521, 20, 8.620000, 53120.695312, 300, 0.003333
"RNC_N=300,mq=1,p=0.496000",300.000000, 300, 1254, 4.180000, -0.503568, 111.291786, 2.119912, 264.568146, 0.569062, 20, 8.360000, 54231.003906, 300, 0.003333
"RNC_N=300,mq=1,p=0.498000",300.000000, 299, 1186, 3.953333, -0.506290, 113.630829, 1.975646, 263.253815, 0.574844, 17, 7.906667, 54857.371094, 300, 0.003333
"RNC_N=300,mq=1,p=0.500000",300.000000, 299, 1218, 4.060000, -0.492302, 125.177193, 2.017448, 258.119354, 0.582396, 19, 8.120000, 43979.625000, 300, 0.003333
"RNC_N=300,mq=1,p=0.502000",300.000000, 300, 1370, 4.566667, -0.500916, 110.482277, 2.158556, 263.324066, 0.573854, 20, 9.133333, 53148.679688, 300, 0.003333
"RNC_N=300,mq=1,p=0.504000",300.000000, 300, 1343, 4.476666, -0.494352, 112.388367, 2.148144, 265.722046, 0.574583, 21, 8.953333, 74705.109375, 300, 0.003333
"RNC_N=300,mq=1,p=0.506000",300.000000, 297, 1125, 3.750000, -0.527311, 111.243538, 1.980934, 262.117157, 0.571250, 18, 7.500000, 35437.000000, 300, 0.003333
"RNC_N=300,mq=1,p=0.508000",300.000000, 299, 1143, 3.810000, -0.497258, 129.830032, 1.987438, 257.878937, 0.583958, 19, 7.620000, 42898.675781, 300, 0.003333
"RNC_N=300,mq=1,p=0.510000",300.000000, 299, 1151, 3.836667, -0.503082, 112.751747, 2.048467, 259.628693, 0.586771, 18, 7.673333, 33502.066406, 300, 0.003333
"RNC_N=300,mq=1,p=0.512000",300.000000, 297, 1046, 3.486667, -0.453305, 127.086174, 2.085416, 258.125214, 0.582656, 19, 6.973333, 29413.750000, 300, 0.003333
"RNC_N=300,mq=1,p=0.514000",300.000000, 300, 1314, 4.380000, -0.513233, 111.496040, 2.044441, 265.556030, 0.573854, 20, 8.760000, 61034.628906, 300, 0.003333
"RNC_N=300,mq=1,p=0.516000",300.000000, 299, 1246, 4.153333, -0.480683, 126.327469, 2.108333, 254.694839, 0.592969, 21, 8.306666, 32477.681641, 300, 0.003333
"RNC_N=300,mq=1,p=0.518000",300.000000, 300, 1302, 4.340000, -0.521444, 112.573051, 2.090049, 260.839508, 0.574427, 20, 8.680000, 42203.308594, 300, 0.003333
"RNC_N=300,mq=1,p=0.520000",300.000000, 300, 1233, 4.110000, -0.487378, 122.020432, 2.084459, 261.402954, 0.582448, 20, 8.220000, 50419.484375, 300, 0.003333
"RNC_N=300,mq=1,p=0.522000",300.000000, 299, 1307, 4.356667, -0.495657, 115.385025, 2.123660, 262.511780, 0.576510, 21, 8.713333, 53683.292969, 300, 0.003333
"RNC_N=300,mq=1,p=0.524000",300.000000, 299, 1296, 4.320000, -0.525446, 109.894173, 2.049912, 267.573486, 0.565417, 19, 8.640000, 53823.210938, 300, 0.003333
"RNC_N=300,mq=1,p=0.526000",300.000000, 300, 1107, 3.690000, -0.533536, 101.024841, 1.950943, 269.500061, 0.563958, 19, 7.380000, 61116.761719, 300, 0.003333
"RNC_N=300,mq=1,p=0.528000",300.000000, 300, 1320, 4.400000, -0.499644, 106.729454, 2.176933, 268.357056, 0.565990, 20, 8.800000, 64095.984375, 300, 0.003333
"RNC_N=300,mq=1,p=0.530000",300.000000, 300, 1276, 4.253334, -0.480015, 118.095650, 2.170098, 262.388428, 0.577708, 21, 8.506667, 37193.011719, 300, 0.003333
"RNC_N=300,mq=1,p=0.532000",300.000000, 297, 1117, 3.723333, -0.475297, 123.333107, 2.075969, 260.546204, 0.583906, 19, 7.446667, 27936.173828, 300, 0.003333
"RNC_N=300,mq=1,p=0.534000",300.000000, 299, 1223, 4.076667, -0.522693, 112.114235, 2.010219, 263.362335, 0.577187, 20, 8.153334, 53453.128906, 300, 0.003333
"RNC_N=300,mq=1,p=0.536000",300.000000, 299, 1231, 4.103333, -0.490330, 113.515274, 2.126456, 263.430115, 0.577865, 20, 8.206667, 47875.160156, 300, 0.003333
"RNC_N=300,mq=1,p=0.538000",300.000000, 300, 1257, 4.190000, -0.520756, 111.852013, 2.045606, 264.414001, 0.570469, 20, 8.380000, 54006.714844, 300, 0.003333
"RNC_N=300,mq=1,p=0.540000",300.000000, 300, 1475, 4.916667, -0.537936, 105.067810, 2.112997, 264.132660, 0.569010, 21, 9.833333, 63917.527344, 300, 0.003333
"RNC_N=300,mq=1,p=0.542000",300.000000, 299, 1352, 4.506667, -0.480735, 117.211235, 2.210045, 265.966125, 0.576667, 21, 9.013333, 44594.011719, 300, 0.003333
"RNC_N=300,mq=1,p=0.544000",300.000000, 299, 1332, 4.440000, -0.484318, 111.544380, 2.196923, 262.457977, 0.575781, 21, 8.880000, 54973.570312, 300, 0.003333
"RNC_N=300,mq=1,p=0.546000",300.000000, 300, 1465, 4.883333, -0.509151, 107.901657, 2.145931, 266.535767, 0.573802, 20, 9.766666, 55271.738281, 300, 0.003333
"RNC_N=300,mq=1,p=0.548000",300.000000, 299, 1447, 4.823333, -0.534858, 106.202179, 2.099525, 268.455872, 0.571563, 21, 9.646667, 74710.640625, 300, 0.003333
"RNC_N=300,mq=1,p=0.550000",300.000000, 300, 1143, 3.810000, -0.480291, 118.282829, 2.063213, 264.367859, 0.581875, 17, 7.620000, 31374.693359, 300, 0.003333
"RNC_N=300,mq=1,p=0.552000",300.000000, 300, 1410, 4.700000, -0.519604, 119.140747, 2.074656, 258.415039, 0.583750, 21, 9.400000, 52402.031250, 300, 0.003333
"RNC_N=300,mq=1,p=0.554000",300.000000, 298, 1188, 3.960000, -0.483625, 115.620232, 2.121959, 259.225403, 0.586198, 21, 7.920000, 39904.316406, 300, 0.003333
"RNC_N=300,mq=1,p=0.556000",300.000000, 300, 1403, 4.676667, -0.488583, 109.950142, 2.208703, 267.642120, 0.569896, 21, 9.353333, 47728.585938, 300, 0.003333
"RNC_N=300,mq=1,p=0.558000",300.000000, 300, 1206, 4.020000, -0.486085, 114.940681, 2.120836, 261.519104, 0.583073, 20, 8.040000, 46557.402344, 300, 0.003333
"RNC_N=300,mq=1,p=0.560000",300.000000, 299, 1086, 3.620000, -0.450703, 121.314819, 2.172178, 259.744659, 0.589115, 19, 7.240000, 34962.785156, 300, 0.003333
"RNC_N=300,mq=1,p=0.562000",300.000000, 299, 1543, 5.143333, -0.532302, 106.669167, 2.154809, 259.388306, 0.575365, 21, 10.286667, 71633.328125, 300, 0.003333
"RNC_N=300,mq=1,p=0.564000",300.000000, 299, 1446, 4.820000, -0.484810, 114.266312, 2.192318, 265.745453, 0.576615, 21, 9.640000, 67589.156250, 300, 0.003333
"RNC_N=300,mq=1,p=0.566000",300.000000, 300, 1454, 4.846667, -0.492775, 114.536682, 2.222004, 261.901642, 0.576771, 21, 9.693334, 45443.746094, 300, 0.003333
"RNC_N=300,mq=1,p=0.568000",300.000000, 300, 1527, 5.090000, -0.513435, 102.978470, 2.179958, 266.990875, 0.573854, 20, 10.180000, 75352.210938, 300, 0.003333
"RNC_N=300,mq=1,p=0.570000",300.000000, 300, 1343, 4.476666, -0.471691, 112.499466, 2.244152, 263.186005, 0.578490, 21, 8.953333, 54733.371094, 300, 0.003333
"RNC_N=300,mq=1,p=0.572000",300.000000, 300, 1391, 4.636667, -0.510827, 106.307816, 2.158768, 266.737885, 0.574844, 21, 9.273334, 73323.445312, 300, 0.003333
"RNC_N=300,mq=1,p=0.574000",300.000000, 299, 1372, 4.573333, -0.482161, 118.024971, 2.239861, 254.590805, 0.585417, 21, 9.146667, 39853.660156, 300, 0.003333
"RNC_N=300,mq=1,p=0.576000",300.000000, 299, 1373, 4.576667, -0.519393, 109.133621, 2.125400, 263.658905, 0.575000, 20, 9.153334, 54235.148438, 300, 0.003333
"RNC_N=300,mq=1,p=0.578000",300.000000, 299, 1188, 3.960000, -0.459393, 117.662422, 2.186998, 260.249878, 0.582240, 20, 7.920000, 34350.210938, 300, 0.003333
"RNC_N=300,mq=1,p=0.580000",300.000000, 300, 1630, 5.433333, -0.557788, 99.410912, 2.120916, 266.188293, 0.570417, 20, 10.866667, 103200.656250, 300, 0.003333
"RNC_N=300,mq=1,p=0.582000",300.000000, 300, 1524, 5.080000, -0.509873, 108.864204, 2.204284, 263.239319, 0.577396, 21, 10.160000, 63410.164062, 300, 0.003333
"RNC_N=300,mq=1,p=0.584000",300.000000, 300, 1415, 4.716667, -0.475121, 113.203354, 2.221013, 264.729462, 0.576146, 21, 9.433333, 51411.703125, 300, 0.003333
"RNC_N=300,mq=1,p=0.586000",300.000000, 300, 1511, 5.036667, -0.507652, 106.915413, 2.214661, 263.907379, 0.575990, 21, 10.073334, 79108.460938, 300, 0.003333
"RNC_N=300,mq=1,p=0.588000",300.000000, 300, 1365, 4.550000, -0.501784, 114.562057, 2.131811, 263.894775, 0.577135, 21, 9.100000, 54499.050781, 300, 0.003333
"RNC_N=300,mq=1,p=0.590000",300.000000, 300, 1506, 5.020000, -0.521859, 105.137123, 2.180264, 267.867859, 0.572031, 21, 10.040000, 66173.421875, 300, 0.003333
"RNC_N=300,mq=1,p=0.592000",300.000000, 300, 1493, 4.976666, -0.527670, 105.082832, 2.080339, 267.584564, 0.566042, 19, 9.953333, 72345.210938, 300, 0.003333
"RNC_N=300,mq=1,p=0.594000",300.000000, 300, 1522, 5.073333, -0.542565, 104.186447, 2.088291, 266.555298, 0.568281, 21, 10.146667, 93441.343750, 300, 0.003333
"RNC_N=300,mq=1,p=0.596000",300.000000, 299, 1504, 5.013333, -0.505262, 119.572731, 2.189909, 257.609589, 0.579635, 21, 10.026667, 48807.718750, 300, 0.003333
"RNC_N=300,mq=1,p=0.598000",300.000000, 300, 1465, 4.883333, -0.491913, 109.376518, 2.201944, 264.078186, 0.575156, 20, 9.766666, 52023.761719, 300, 0.003333
"RNC_N=300,mq=1,p=0.600000",300.000000, 299, 1584, 5.280000, -0.502659, 102.171097, 2.288063, 265.346100, 0.571198, 21, 10.560000, 77928.062500, 300, 0.003333
"RNC_N=300,mq=1,p=0.602000",300.000000, 300, 1574, 5.246666, -0.535958, 111.205307, 2.139573, 266.365265, 0.568073, 21, 10.493333, 72518.960938, 300, 0.003333
"RNC_N=300,mq=1,p=0.604000",300.000000, 300, 1550, 5.166667, -0.495295, 113.355408, 2.255721, 264.519135, 0.574010, 21, 10.333333, 68086.734375, 300, 0.003333
"RNC_N=300,mq=1,p=0.606000",300.000000, 300, 1529, 5.096667, -0.503669, 103.899017, 2.210198, 269.345276, 0.570260, 21, 10.193334, 80630.781250, 300, 0.003333
"RNC_N=300,mq=1,p=0.608000",300.000000, 300, 1575, 5.250000, -0.533288, 107.738518, 2.115450, 265.280365, 0.568281, 21, 10.500000, 70137.000000, 300, 0.003333
"RNC_N=300,mq=1,p=0.610000",300.000000, 300, 1613, 5.376667, -0.494613, 113.336945, 2.223106, 264.383453, 0.574167, 21, 10.753333, 57645.738281, 300, 0.003333
"RNC_N=300,mq=1,p=0.612000",300.000000, 300, 1427, 4.756667, -0.462305, 122.233871, 2.183834, 260.339966, 0.578333, 20, 9.513333, 48878.929688, 300, 0.003333
"RNC_N=300,mq=1,p=0.614000",300.000000, 300, 1453, 4.843333, -0.486231, 118.544312, 2.200839, 260.664673, 0.582552, 20, 9.686666, 53112.546875, 300, 0.003333
"RNC_N=300,mq=1,p=0.616000",300.000000, 300, 1672, 5.573333, -0.529119, 101.705910, 2.162062, 269.539642, 0.564062, 21, 11.146667, 86267.476562, 300, 0.003333
"RNC_N=300,mq=1,p=0.618000",300.000000, 300, 1402, 4.673333, -0.505782, 111.403000, 2.160875, 263.512421, 0.576771, 21, 9.346666, 58907.957031, 300, 0.003333
"RNC_N=300,mq=1,p=0.620000",300.000000, 300, 1646, 5.486667, -0.486662, 111.791626, 2.260803, 261.193207, 0.582292, 20, 10.973333, 61907.867188, 300, 0.003333
"RNC_N=300,mq=1,p=0.622000",300.000000, 300, 1424, 4.746666, -0.492783, 113.565331, 2.193344, 264.356445, 0.576719, 20, 9.493333, 61190.933594, 300, 0.003333
"RNC_N=300,mq=1,p=0.624000",300.000000, 300, 1527, 5.090000, -0.490147, 117.934067, 2.187812, 262.123047, 0.579948, 21, 10.180000, 69858.125000, 300, 0.003333
"RNC_N=300,mq=1,p=0.626000",300.000000, 300, 1356, 4.520000, -0.493687, 113.115051, 2.149059, 258.737946, 0.580781, 21, 9.040000, 53751.410156, 300, 0.003333
"RNC_N=300,mq=1,p=0.628000",300.000000, 299, 1499, 4.996666, -0.501387, 106.045891, 2.201439, 263.862244, 0.574271, 21, 9.993333, 65152.023438, 300, 0.003333
"RNC_N=300,mq=1,p=0.630000",300.000000, 300, 1398, 4.660000, -0.475466, 104.849632, 2.302381, 265.509186, 0.575104, 21, 9.320000, 68015.445312, 300, 0.003333
"RNC_N=300,mq=1,p=0.632000",300.000000, 300, 1402, 4.673333, -0.510698, 103.904518, 2.188744, 265.387573, 0.568750, 21, 9.346666, 63565.914062, 300, 0.003333
"RNC_N=300,mq=1,p=0.634000",300.000000, 300, 1467, 4.890000, -0.467556, 115.791405, 2.243534, 261.611725, 0.576823, 21, 9.780000, 48167.453125, 300, 0.003333
"RNC_N=300,mq=1,p=0.636000",300.000000, 300, 1514, 5.046667, -0.540480, 104.926514, 2.082016, 262.987061, 0.570208, 21, 10.093333, 86297.539062, 300, 0.003333
"RNC_N=300,mq=1,p=0.638000",300.000000, 300, 1456, 4.853333, -0.475926, 116.024200, 2.235346, 259.522919, 0.582031, 21, 9.706667, 57538.164062, 300, 0.003333
"RNC_N=300,mq=1,p=0.640000",300.000000, 300, 1861, 6.203333, -0.504348, 108.048332, 2.297049, 260.100494, 0.578542, 21, 12.406667, 88990.437500, 300, 0.003333
"RNC_N=300,mq=1,p=0.642000",300.000000, 300, 1439, 4.796667, -0.467320, 116.169159, 2.240801, 260.915253, 0.579531, 20, 9.593333, 45712.328125, 300, 0.003333
"RNC_N=300,mq=1,p=0.644000",300.000000, 300, 1600, 5.333333, -0.502011, 105.523926, 2.275354, 269.380798, 0.564583, 21, 10.666667, 67518.687500, 300, 0.003333
"RNC_N=300,mq=1,p=0.646000",300.000000, 299, 1601, 5.336667, -0.496043, 106.006752, 2.239556, 265.560974, 0.571927, 20, 10.673333, 62152.039062, 300, 0.003333
"RNC_N=300,mq=1,p=0.648000",300.000000, 300, 1485, 4.950000, -0.502986, 105.830589, 2.191228, 264.328247, 0.574687, 21, 9.900000, 71658.812500, 300, 0.003333
"RNC_N=300,mq=1,p=0.650000",300.000000, 300, 1402, 4.673333, -0.472134, 118.239708, 2.217725, 262.024933, 0.578646, 20, 9.346666, 47551.941406, 300, 0.003333
"RNC_N=300,mq=1,p=0.652000",300.000000, 300, 1653, 5.510000, -0.476441, 113.518021, 2.306893, 259.651001, 0.585417, 21, 11.020000, 70357.984375, 300, 0.003333
"RNC_N=300,mq=1,p=0.654000",300.000000, 300, 1776, 5.920000, -0.514659, 98.270813, 2.315517, 268.167145, 0.568646, 21, 11.840000, 108230.156250, 300, 0.003333
"RNC_N=300,mq=1,p=0.656000",300.000000, 299, 1397, 4.656667, -0.460725, 117.347801, 2.174648, 259.187592, 0.586771, 20, 9.313334, 52362.531250, 300, 0.003333
"RNC_N=300,mq=1,p=0.658000",300.000000, 300, 1590, 5.300000, -0.486633, 109.861595, 2.292664, 262.247681, 0.580312, 21, 10.600000, 63876.070312, 300, 0.003333
"RNC_N=300,mq=1,p=0.660000",300.000000, 300, 1632, 5.440000, -0.526219, 107.914276, 2.156240, 263.107056, 0.570000, 21, 10.880000, 67653.664062, 300, 0.003333
"RNC_N=300,mq=1,p=0.662000",300.000000, 300, 1532, 5.106667, -0.517480, 107.709396, 2.090570, 262.986206, 0.573854, 19, 10.213333, 63164.351562, 300, 0.003333
"RNC_N=300,mq=1,p=0.664000",300.000000, 300, 1651, 5.503334, -0.483600, 108.007713, 2.337457, 264.094727, 0.573646, 21, 11.006667, 72188.031250, 300, 0.003333
"RNC_N=300,mq=1,p=0.666000",300.000000, 300, 1567, 5.223333, -0.482851, 106.385307, 2.296726, 262.652802, 0.578646, 21, 10.446667, 61584.140625, 300, 0.003333
"RNC_N=300,mq=1,p=0.668000",300.000000, 300, 1599, 5.330000, -0.459694, 110.786316, 2.351333, 263.365417, 0.581510, 21, 10.660000, 55869.226562, 300, 0.003333
"RNC_N=300,mq=1,p=0.670000",300.000000, 300, 1573, 5.243333, -0.498673, 105.531372, 2.258214, 264.376007, 0.571406, 21, 10.486667, 65410.871094, 300, 0.003333
"RNC_N=300,mq=1,p=0.672000",300.000000, 300, 1526, 5.086667, -0.491661, 113.809982, 2.213748, 261.185120, 0.578646, 21, 10.173333, 60586.945312, 300, 0.003333
"RNC_N=300,mq=1,p=0.674000",300.000000, 300, 1569, 5.230000, -0.516664, 103.021309, 2.189007, 267.299164, 0.570885, 21, 10.460000, 71968.593750, 300, 0.003333
"RNC_N=300,mq=1,p=0.676000",300.000000, 300, 1596, 5.320000, -0.463416, 113.317741, 2.330090, 259.767700, 0.583958, 21, 10.640000, 60077.203125, 300, 0.003333
"RNC_N=300,mq=1,p=0.678000",300.000000, 300, 1810, 6.033333, -0.508246, 103.608643, 2.278862, 265.017090, 0.570938, 20, 12.066667, 99696.906250, 300, 0.003333
"RNC_N=300,mq=1,p=0.680000",300.000000, 300, 1909, 6.363333, -0.536711, 96.219383, 2.304887, 269.224091, 0.563906, 21, 12.726666, 98674.179688, 300, 0.003333
"RNC_N=300,mq=1,p=0.682000",300.000000, 299, 1468, 4.893333, -0.495686, 109.159592, 2.227461, 262.535461, 0.577812, 21, 9.786667, 62786.398438, 300, 0.003333
"RNC_N=300,mq=1,p=0.684000",300.000000, 300, 1814, 6.046667, -0.511619, 107.055153, 2.277337, 267.263855, 0.566875, 21, 12.093333, 80851.414062, 300, 0.003333
"RNC_N=300,mq=1,p=0.686000",300.000000, 300, 1570, 5.233333, -0.502181, 102.723579, 2.240948, 263.142212, 0.571771, 21, 10.466666, 75528.570312, 300, 0.003333
"RNC_N=300,mq=1,p=0.688000",300.000000, 300, 1843, 6.143333, -0.507446, 111.855057, 2.255621, 262.836151, 0.579427, 21, 12.286667, 80899.320312, 300, 0.003333
"RNC_N=300,mq=1,p=0.690000",300.000000, 300, 1724, 5.746666, -0.498196, 106.173782, 2.292782, 263.797455, 0.574219, 20, 11.493333, 73724.921875, 300, 0.003333
"RNC_N=300,mq=1,p=0.692000",300.000000, 300, 1582, 5.273334, -0.461982, 111.883812, 2.317298, 260.995087, 0.582187, 21, 10.546667, 64534.328125, 300, 0.003333
"RNC_N=300,mq=1,p=0.694000",300.000000, 300, 1511, 5.036667, -0.467383, 116.573914, 2.242023, 263.132355, 0.577031, 21, 10.073334, 64002.386719, 300, 0.003333
"RNC_N=300,mq=1,p=0.696000",300.000000, 300, 1601, 5.336667, -0.471894, 111.353455, 2.317883, 263.438477, 0.573073, 21, 10.673333, 65494.058594, 300, 0.003333
"RNC_N=300,mq=1,p=0.698000",300.000000, 300, 1628, 5.426667, -0.470302, 115.804916, 2.294968, 257.045776, 0.581042, 21, 10.853333, 69049.507812, 300, 0.003333
"RNC_N=300,mq=1,p=0.700000",300.000000, 300, 1522, 5.073333, -0.477610, 112.800301, 2.300810, 264.366364, 0.579479, 21, 10.146667, 63233.671875, 300, 0.003333
"RNC_N=300,mq=1,p=0.702000",300.000000, 300, 1752, 5.840000, -0.471541, 100.687263, 2.422122, 269.352264, 0.564062, 21, 11.680000, 85485.382812, 300, 0.003333
"RNC_N=300,mq=1,p=0.704000",300.000000, 300, 1802, 6.006667, -0.508993, 104.694679, 2.302303, 266.511139, 0.570521, 21, 12.013333, 88784.054688, 300, 0.003333
"RNC_N=300,mq=1,p=0.706000",300.000000, 299, 1570, 5.233333, -0.482098, 112.999840, 2.313851, 262.072784, 0.579323, 21, 10.466666, 58486.703125, 300, 0.003333
"RNC_N=300,mq=1,p=0.708000",300.000000, 300, 1696, 5.653333, -0.472607, 107.660286, 2.350927, 265.357727, 0.571667, 21, 11.306666, 75188.156250, 300, 0.003333
"RNC_N=300,mq=1,p=0.710000",300.000000, 300, 1683, 5.610000, -0.500161, 107.252876, 2.237606, 264.966431, 0.571146, 20, 11.220000, 72075.476562, 300, 0.003333
"RNC_N=300,mq=1,p=0.712000",300.000000, 300, 1614, 5.380000, -0.489161, 105.304161, 2.298285, 265.019836, 0.577031, 21, 10.760000, 74210.671875, 300, 0.003333
"RNC_N=300,mq=1,p=0.714000",300.000000, 300, 1570, 5.233333, -0.495993, 102.198257, 2.257549, 265.285706, 0.567708, 21, 10.466666, 77034.585938, 300, 0.003333
"RNC_N=300,mq=1,p=0.716000",300.000000, 300, 1857, 6.190000, -0.534000, 101.578537, 2.214818, 269.110168, 0.566302, 21, 12.380000, 96134.625000, 300, 0.003333
"RNC_N=300,mq=1,p=0.718000",300.000000, 300, 1630, 5.433333, -0.476276, 108.102150, 2.272649, 264.826752, 0.575208, 21, 10.866667, 79586.593750, 300, 0.003333
"RNC_N=300,mq=1,p=0.720000",300.000000, 300, 1591, 5.303333, -0.481586, 99.731461, 2.300384, 271.568665, 0.565156, 21, 10.606667, 87577.539062, 300, 0.003333
"RNC_N=300,mq=1,p=0.722000",300.000000, 299, 1563, 5.210000, -0.485746, 106.399574, 2.257738, 265.332764, 0.571094, 21, 10.420000, 66606.921875, 300, 0.003333
"RNC_N=300,mq=1,p=0.724000",300.000000, 300, 1598, 5.326667, -0.489442, 103.794029, 2.246517, 265.343018, 0.571719, 20, 10.653334, 69847.906250, 300, 0.003333
"RNC_N=300,mq=1,p=0.726000",300.000000, 300, 1542, 5.140000, -0.521527, 105.160851, 2.181340, 265.840973, 0.571406, 21, 10.280000, 69650.312500, 300, 0.003333
"RNC_N=300,mq=1,p=0.728000",300.000000, 300, 1582, 5.273334, -0.490142, 103.090164, 2.295889, 265.485565, 0.572240, 21, 10.546667, 73594.195312, 300, 0.003333
"RNC_N=300,mq=1,p=0.730000",300.000000, 300, 1587, 5.290000, -0.472583, 109.006096, 2.317838, 263.286621, 0.573906, 21, 10.580000, 50169.078125, 300, 0.003333
"RNC_N=300,mq=1,p=0.732000",300.000000, 300, 1896, 6.320000, -0.516678, 96.203842, 2.303716, 264.338684, 0.572083, 21, 12.640000, 120983.062500, 300, 0.003333
"RNC_N=300,mq=1,p=0.734000",300.000000, 299, 1810, 6.033333, -0.487303, 105.095512, 2.325480, 264.860626, 0.575885, 21, 12.066667, 82758.906250, 300, 0.003333
"RNC_N=300,mq=1,p=0.736000",300.000000, 300, 1698, 5.660000, -0.472771, 108.923370, 2.313497, 264.584076, 0.577031, 21, 11.320000, 64865.269531, 300, 0.003333
"RNC_N=300,mq=1,p=0.738000",300.000000, 300, 1498, 4.993333, -0.464797, 107.688110, 2.339647, 260.167145, 0.576042, 21, 9.986667, 51279.980469, 300, 0.003333
"RNC_N=300,mq=1,p=0.740000",300.000000, 299, 1488, 4.960000, -0.454977, 103.898178, 2.320703, 263.861664, 0.575990, 20, 9.920000, 60614.304688, 300, 0.003333
"RNC_N=300,mq=1,p=0.742000",300.000000, 300, 1589, 5.296667, -0.474061, 105.689491, 2.280277, 264.205688, 0.577240, 21, 10.593333, 61036.300781, 300, 0.003333
"RNC_N=300,mq=1,p=0.744000",300.000000, 300, 1870, 6.233333, -0.501734, 105.670502, 2.299945, 263.476501, 0.579115, 21, 12.466666, 89768.656250, 300, 0.003333
"RNC_N=300,mq=1,p=0.746000",300.000000, 300, 1808, 6.026667, -0.523195, 98.367264, 2.279245, 264.670624, 0.571771, 21, 12.053333, 102539.148438, 300, 0.003333
"RNC_N=300,mq=1,p=0.748000",300.000000, 300, 1787, 5.956666, -0.513690, 101.439865, 2.321863, 265.711609, 0.573073, 21, 11.913333, 100095.695312, 300, 0.003333
"RNC_N=300,mq=1,p=0.750000",300.000000, 300, 1673, 5.576667, -0.482178, 107.204735, 2.305045, 263.882050, 0.574271, 21, 11.153334, 67117.085938, 300, 0.003333
"RNC_N=300,mq=1,p=0.752000",300.000000, 300, 1616, 5.386667, -0.463556, 108.644730, 2.341174, 264.373077, 0.574896, 21, 10.773334, 66172.554688, 300, 0.003333
"RNC_N=300,mq=1,p=0.754000",300.000000, 300, 1617, 5.390000, -0.491481, 107.704552, 2.288125, 267.530121, 0.573229, 21, 10.780000, 87461.664062, 300, 0.003333
"RNC_N=300,mq=1,p=0.756000",300.000000, 300, 1645, 5.483333, -0.458023, 106.730141, 2.394707, 267.129059, 0.569740, 21, 10.966666, 76517.625000, 300, 0.003333
"RNC_N=300,mq=1,p=0.758000",300.000000, 300, 1857, 6.190000, -0.483026, 107.148895, 2.309723, 264.132629, 0.571927, 21, 12.380000, 75004.648438, 300, 0.003333
"RNC_N=300,mq=1,p=0.760000",300.000000, 299, 1596, 5.320000, -0.445869, 113.485939, 2.334090, 261.575714, 0.581250, 21, 10.640000, 61383.160156, 300, 0.003333
"RNC_N=300,mq=1,p=0.762000",300.000000, 300, 1622, 5.406667, -0.455080, 108.147774, 2.405703, 261.091553, 0.581563, 21, 10.813334, 65309.476562, 300, 0.003333
"RNC_N=300,mq=1,p=0.764000",300.000000, 300, 1562, 5.206666, -0.472783, 107.089462, 2.338826, 259.575592, 0.580729, 21, 10.413333, 51746.683594, 300, 0.003333
"RNC_N=300,mq=1,p=0.766000",300.000000, 300, 1814, 6.046667, -0.500127, 104.287689, 2.354091, 266.283691, 0.568646, 21, 12.093333, 76651.375000, 300, 0.003333
"RNC_N=300,mq=1,p=0.768000",300.000000, 300, 1669, 5.563334, -0.449151, 114.840607, 2.342335, 261.259857, 0.580000, 21, 11.126667, 52011.207031, 300, 0.003333
"RNC_N=300,mq=1,p=0.770000",300.000000, 300, 1941, 6.470000, -0.470220, 113.107384, 2.366713, 258.946503, 0.586042, 21, 12.940000, 83288.929688, 300, 0.003333
"RNC_N=300,mq=1,p=0.772000",300.000000, 300, 1953, 6.510000, -0.495952, 99.533348, 2.352727, 264.954926, 0.572552, 20, 13.020000, 90532.007812, 300, 0.003333
"RNC_N=300,mq=1,p=0.774000",300.000000, 300, 1957, 6.523334, -0.491174, 107.653259, 2.336400, 258.074799, 0.580729, 21, 13.046667, 91585.265625, 300, 0.003333
"RNC_N=300,mq=1,p=0.776000",300.000000, 300, 1926, 6.420000, -0.504239, 104.362343, 2.269974, 269.431915, 0.568385, 21, 12.840000, 100806.234375, 300, 0.003333
"RNC_N=300,mq=1,p=0.778000",300.000000, 300, 1619, 5.396667, -0.436694, 112.419983, 2.383518, 259.775909, 0.588125, 21, 10.793333, 54245.117188, 300, 0.003333
"RNC_N=300,mq=1,p=0.780000",300.000000, 300, 1692, 5.640000, -0.452574, 109.747467, 2.350611, 262.139008, 0.579167, 21, 11.280000, 55864.511719, 300, 0.003333
"RNC_N=300,mq=1,p=0.782000",300.000000, 300, 2105, 7.016667, -0.521119, 103.030136, 2.305276, 263.749176, 0.573906, 21, 14.033334, 114567.546875, 300, 0.003333
"RNC_N=300,mq=1,p=0.784000",300.000000, 300, 1824, 6.080000, -0.480742, 110.686806, 2.362661, 264.765442, 0.574844, 21, 12.160000, 75070.101562, 300, 0.003333
"RNC_N=300,mq=1,p=0.786000",300.000000, 300, 1788, 5.960000, -0.480486, 105.380516, 2.337274, 263.980774, 0.575677, 21, 11.920000, 85041.773438, 300, 0.003333
"RNC_N=300,mq=1,p=0.788000",300.000000, 300, 1687, 5.623333, -0.460795, 104.292984, 2.370683, 266.452393, 0.575521, 21, 11.246667, 81841.734375, 300, 0.003333
"RNC_N=300,mq=1,p=0.790000",300.000000, 300, 2001, 6.670000, -0.500394, 103.702301, 2.324151, 265.404205, 0.569948, 21, 13.340000, 98275.390625, 300, 0.003333
"RNC_N=300,mq=1,p=0.792000",300.000000, 300, 1750, 5.833333, -0.471959, 106.798225, 2.374954, 265.570862, 0.577292, 21, 11.666667, 67638.617188, 300, 0.003333
"RNC_N=300,mq=1,p=0.794000",300.000000, 300, 1770, 5.900000, -0.477153, 108.279396, 2.336694, 262.885956, 0.576615, 21, 11.800000, 70788.117188, 300, 0.003333
"RNC_N=300,mq=1,p=0.796000",300.000000, 300, 1677, 5.590000, -0.473318, 105.147041, 2.347127, 265.221283, 0.572760, 21, 11.180000, 70242.242188, 300, 0.003333
"RNC_N=300,mq=1,p=0.798000",300.000000, 300, 1817, 6.056667, -0.462421, 108.792366, 2.349242, 258.802643, 0.582812, 21, 12.113334, 62005.835938, 300, 0.003333
"RNC_N=300,mq=1,p=0.800000",300.000000, 300, 1925, 6.416667, -0.466687, 110.844231, 2.416816, 260.121155, 0.586458, 21, 12.833333, 74835.945312, 300, 0.003333
"RNC_N=300,mq=1,p=0.802000",300.000000, 300, 1747, 5.823333, -0.455892, 110.511871, 2.359380, 260.342316, 0.585260, 21, 11.646667, 65222.515625, 300, 0.003333
"RNC_N=300,mq=1,p=0.804000",300.000000, 300, 2094, 6.980000, -0.488166, 104.725098, 2.369680, 262.408661, 0.573854, 21, 13.960000, 95237.484375, 300, 0.003333
"RNC_N=300,mq=1,p=0.806000",300.000000, 300, 1936, 6.453333, -0.468250, 107.718376, 2.442183, 258.216522, 0.583906, 21, 12.906667, 86139.578125, 300, 0.003333
"RNC_N=300,mq=1,p=0.808000",300.000000, 300, 2144, 7.146667, -0.510588, 103.997246, 2.349231, 265.767914, 0.570260, 21, 14.293333, 118732.140625, 300, 0.003333
"RNC_N=300,mq=1,p=0.810000",300.000000, 300, 1816, 6.053333, -0.477854, 99.097015, 2.402744, 268.503418, 0.568177, 21, 12.106667, 86426.531250, 300, 0.003333
"RNC_N=300,mq=1,p=0.812000",300.000000, 300, 1674, 5.580000, -0.430971, 114.088051, 2.437459, 258.604065, 0.588073, 21, 11.160000, 48082.187500, 300, 0.003333
"RNC_N=300,mq=1,p=0.814000",300.000000, 300, 1844, 6.146667, -0.476402, 109.587563, 2.363883, 263.693909, 0.580156, 21, 12.293333, 79288.046875, 300, 0.003333
"RNC_N=300,mq=1,p=0.816000",300.000000, 300, 1952, 6.506667, -0.468291, 105.609314, 2.407089, 265.892609, 0.576406, 21, 13.013333, 92136.101562, 300, 0.003333
"RNC_N=300,mq=1,p=0.818000",300.000000, 300, 1808, 6.026667, -0.447181, 110.332367, 2.405190, 264.371094, 0.580885, 21, 12.053333, 72179.203125, 300, 0.003333
"RNC_N=300,mq=1,p=0.820000",300.000000, 300, 1601, 5.336667, -0.457020, 111.057381, 2.318763, 257.611481, 0.584271, 21, 10.673333, 68790.085938, 300, 0.003333
"RNC_N=300,mq=1,p=0.822000",300.000000, 300, 1768, 5.893333, -0.455082, 111.611900, 2.454737, 260.043884, 0.583594, 21, 11.786667, 66990.414062, 300, 0.003333
"RNC_N=300,mq=1,p=0.824000",300.000000, 300, 1889, 6.296667, -0.467118, 110.178238, 2.412649, 261.867401, 0.582604, 21, 12.593333, 76960.531250, 300, 0.003333
"RNC_N=300,mq=1,p=0.826000",300.000000, 300, 2009, 6.696667, -0.462740, 112.122482, 2.364875, 260.218475, 0.581823, 21, 13.393333, 78409.617188, 300, 0.003333
"RNC_N=300,mq=1,p=0.828000",300.000000, 300, 1872, 6.240000, -0.486053, 103.922394, 2.384508, 262.986023, 0.577396, 21, 12.480000, 75440.929688, 300, 0.003333
"RNC_N=300,mq=1,p=0.830000",300.000000, 300, 1959, 6.530000, -0.472906, 102.725365, 2.444440, 265.422058, 0.570938, 21, 13.060000, 94717.015625, 300, 0.003333
"RNC_N=300,mq=1,p=0.832000",300.000000, 300, 1818, 6.060000, -0.479986, 106.099823, 2.363375, 262.892303, 0.574896, 21, 12.120000, 72485.609375, 300, 0.003333
"RNC_N=300,mq=1,p=0.834000",300.000000, 300, 1711, 5.703333, -0.443446, 112.453766, 2.394460, 262.394165, 0.578854, 21, 11.406667, 56470.398438, 300, 0.003333
"RNC_N=300,mq=1,p=0.836000",300.000000, 300, 1864, 6.213333, -0.446843, 111.521210, 2.451317, 258.167938, 0.584583, 21, 12.426666, 75579.414062, 300, 0.003333
"RNC_N=300,mq=1,p=0.838000",300.000000, 300, 1941, 6.470000, -0.483651, 103.046448, 2.389210, 267.496246, 0.574115, 21, 12.940000, 108216.929688, 300, 0.003333
"RNC_N=300,mq=1,p=0.840000",300.000000, 300, 1905, 6.350000, -0.472782, 103.204109, 2.405132, 266.595795, 0.579792, 21, 12.700000, 92581.179688, 300, 0.003333
"RNC_N=300,mq=1,p=0.842000",300.000000, 300, 1948, 6.493333, -0.462120, 109.928543, 2.434328, 263.226776, 0.576510, 21, 12.986667, 94174.015625, 300, 0.003333
"RNC_N=300,mq=1,p=0.844000",300.000000, 300, 2003, 6.676667, -0.487610, 102.200584, 2.399071, 266.283936, 0.571042, 21, 13.353333, 99174.585938, 300, 0.003333
"RNC_N=300,mq=1,p=0.846000",300.000000, 300, 1865, 6.216667, -0.457946, 109.794640, 2.416780, 261.260437, 0.579271, 21, 12.433333, 69807.929688, 300, 0.003333
"RNC_N=300,mq=1,p=0.848000",300.000000, 300, 1803, 6.010000, -0.493178, 103.067802, 2.347367, 264.635864, 0.574010, 21, 12.020000, 93524.007812, 300, 0.003333
"RNC_N=300,mq=1,p=0.850000",300.000000, 300, 1853, 6.176667, -0.465138, 109.290649, 2.436169, 260.031403, 0.580104, 21, 12.353333, 70356.578125, 300, 0.003333
"RNC_N=300,mq=1,p=0.852000",300.000000, 300, 2063, 6.876667, -0.476224, 107.810326, 2.412672, 262.236511, 0.574115, 21, 13.753333, 73823.679688, 300, 0.003333
"RNC_N=300,mq=1,p=0.854000",300.000000, 300, 2044, 6.813334, -0.455718, 101.524994, 2.477359, 264.133240, 0.578177, 21, 13.626667, 92284.195312, 300, 0.003333
"RNC_N=300,mq=1,p=0.856000",300.000000, 300, 1751, 5.836667, -0.467886, 108.695801, 2.318214, 261.545166, 0.582135, 21, 11.673333, 73574.070312, 300, 0.003333
"RNC_N=300,mq=1,p=0.858000",300.000000, 300, 1931, 6.436666, -0.457853, 101.480011, 2.461183, 266.176880, 0.571823, 21, 12.873333, 84887.093750, 300, 0.003333
"RNC_N=300,mq=1,p=0.860000",300.000000, 300, 1794, 5.980000, -0.446684, 108.355812, 2.421404, 258.279358, 0.591146, 21, 11.960000, 73759.429688, 300, 0.003333
"RNC_N=300,mq=1,p=0.862000",300.000000, 300, 1947, 6.490000, -0.475000, 104.079254, 2.411712, 263.745300, 0.574427, 21, 12.980000, 91993.757812, 300, 0.003333
"RNC_N=300,mq=1,p=0.864000",300.000000, 300, 1686, 5.620000, -0.456629, 113.293800, 2.342803, 261.218811, 0.584167, 21, 11.240000, 61198.718750, 300, 0.003333
"RNC_N=300,mq=1,p=0.866000",300.000000, 300, 1901, 6.336667, -0.470470, 106.418983, 2.319826, 266.207001, 0.577083, 21, 12.673333, 80296.179688, 300, 0.003333
"RNC_N=300,mq=1,p=0.868000",300.000000, 300, 1968, 6.560000, -0.480475, 102.175995, 2.367524, 265.319397, 0.573958, 21, 13.120000, 99881.593750, 300, 0.003333
"RNC_N=300,mq=1,p=0.870000",300.000000, 300, 1975, 6.583333, -0.451216, 100.414116, 2.504021, 265.800934, 0.571979, 21, 13.166667, 86161.898438, 300, 0.003333
"RNC_N=300,mq=1,p=0.872000",300.000000, 300, 2044, 6.813334, -0.454329, 103.333817, 2.484947, 264.944794, 0.572396, 21, 13.626667, 97806.203125, 300, 0.003333
"RNC_N=300,mq=1,p=0.874000",300.000000, 300, 1905, 6.350000, -0.445712, 108.622627, 2.463795, 266.624756, 0.577708, 21, 12.700000, 82783.250000, 300, 0.003333
"RNC_N=300,mq=1,p=0.876000",300.000000, 300, 2057, 6.856667, -0.460446, 104.720787, 2.508393, 262.782501, 0.579740, 21, 13.713333, 80653.351562, 300, 0.003333
"RNC_N=300,mq=1,p=0.878000",300.000000, 300, 1987, 6.623333, -0.483006, 106.258041, 2.389247, 264.049133, 0.573802, 21, 13.246667, 98751.859375, 300, 0.003333
"RNC_N=300,mq=1,p=0.880000",300.000000, 300, 1978, 6.593333, -0.453942, 112.070816, 2.397956, 260.146881, 0.577448, 21, 13.186666, 78263.515625, 300, 0.003333
"RNC_N=300,mq=1,p=0.882000",300.000000, 300, 1994, 6.646667, -0.459356, 103.541725, 2.443942, 265.981293, 0.572604, 21, 13.293333, 76478.039062, 300, 0.003333
"RNC_N=300,mq=1,p=0.884000",300.000000, 300, 2097, 6.990000, -0.481660, 99.587692, 2.427467, 266.088470, 0.574375, 21, 13.980000, 101319.859375, 300, 0.003333
"RNC_N=300,mq=1,p=0.886000",300.000000, 300, 2078, 6.926667, -0.485677, 100.287834, 2.401546, 264.976349, 0.570417, 21, 13.853333, 97139.437500, 300, 0.003333
"RNC_N=300,mq=1,p=0.888000",300.000000, 300, 1937, 6.456666, -0.472737, 105.024582, 2.442367, 264.558594, 0.571406, 21, 12.913333, 77739.679688, 300, 0.003333
"RNC_N=300,mq=1,p=0.890000",300.000000, 300, 2040, 6.800000, -0.489417, 108.352448, 2.399255, 262.076385, 0.578229, 21, 13.600000, 85499.796875, 300, 0.003333
"RNC_N=300,mq=1,p=0.892000",300.000000, 300, 2081, 6.936666, -0.456886, 101.941292, 2.498637, 266.920044, 0.566094, 21, 13.873333, 111251.054688, 300, 0.003333
"RNC_N=300,mq=1,p=0.894000",300.000000, 300, 1935, 6.450000, -0.448012, 108.284126, 2.437277, 263.058167, 0.583073, 21, 12.900000, 80462.921875, 300, 0.003333
"RNC_N=300,mq=1,p=0.896000",300.000000, 300, 1893, 6.310000, -0.434834, 114.650795, 2.413658, 257.795593, 0.588646, 21, 12.620000, 64602.660156, 300, 0.003333
"RNC_N=300,mq=1,p=0.898000",300.000000, 300, 2121, 7.070000, -0.461194, 103.118393, 2.454658, 263.098328, 0.576146, 21, 14.140000, 106792.234375, 300, 0.003333
"RNC_N=300,mq=1,p=0.900000",300.000000, 300, 2110, 7.033333, -0.454672, 101.757034, 2.520329, 267.326263, 0.569948, 21, 14.066667, 94882.875000, 300, 0.003333
"RNC_N=300,mq=1,p=0.902000",300.000000, 300, 1971, 6.570000, -0.503566, 104.595657, 2.322281, 267.714020, 0.568281, 21, 13.140000, 100220.195312, 300, 0.003333
"RNC_N=300,mq=1,p=0.904000",300.000000, 300, 2094, 6.980000, -0.494165, 100.597717, 2.419302, 264.047791, 0.574583, 21, 13.960000, 125275.500000, 300, 0.003333
"RNC_N=300,mq=1,p=0.906000",300.000000, 300, 1957, 6.523334, -0.450803, 107.619232, 2.491706, 258.819122, 0.579427, 21, 13.046667, 85417.250000, 300, 0.003333
"RNC_N=300,mq=1,p=0.908000",300.000000, 300, 1954, 6.513333, -0.455378, 105.869537, 2.412800, 257.251068, 0.585000, 21, 13.026667, 82653.796875, 300, 0.003333
"RNC_N=300,mq=1,p=0.910000",300.000000, 300, 2036, 6.786667, -0.489220, 100.624573, 2.391914, 265.869080, 0.569062, 21, 13.573334, 103635.304688, 300, 0.003333
"RNC_N=300,mq=1,p=0.912000",300.000000, 300, 1985, 6.616667, -0.450362, 108.682297, 2.450669, 261.934204, 0.580365, 21, 13.233334, 82623.648438, 300, 0.003333
"RNC_N=300,mq=1,p=0.914000",300.000000, 300, 1865, 6.216667, -0.451969, 103.560631, 2.451234, 266.016541, 0.572865, 21, 12.433333, 79068.015625, 300, 0.003333
"RNC_N=300,mq=1,p=0.916000",300.000000, 300, 2070, 6.900000, -0.481242, 106.325020, 2.394616, 263.514465, 0.575260, 21, 13.800000, 94462.085938, 300, 0.003333
"RNC_N=300,mq=1,p=0.918000",300.000000, 300, 2271, 7.570000, -0.466281, 100.060875, 2.514039, 262.868286, 0.573802, 21, 15.140000, 103778.148438, 300, 0.003333
"RNC_N=300,mq=1,p=0.920000",300.000000, 300, 1922, 6.406667, -0.469171, 101.434715, 2.408766, 266.000305, 0.573542, 21, 12.813334, 105573.609375, 300, 0.003333
"RNC_N=300,mq=1,p=0.922000",300.000000, 300, 2080, 6.933333, -0.437544, 112.218071, 2.475929, 256.941345, 0.589688, 21, 13.866667, 74674.593750, 300, 0.003333
"RNC_N=300,mq=1,p=0.924000",300.000000, 300, 1891, 6.303333, -0.427471, 112.037544, 2.508927, 261.089142, 0.581146, 21, 12.606667, 61727.589844, 300, 0.003333
"RNC_N=300,mq=1,p=0.926000",300.000000, 300, 2263, 7.543334, -0.473254, 113.436897, 2.386973, 254.794052, 0.590833, 21, 15.086667, 103693.734375, 300, 0.003333
"RNC_N=300,mq=1,p=0.928000",300.000000, 300, 2246, 7.486667, -0.456759, 107.283195, 2.485669, 260.725616, 0.578438, 21, 14.973333, 107149.656250, 300, 0.003333
"RNC_N=300,mq=1,p=0.930000",300.000000, 300, 1950, 6.500000, -0.461176, 101.946198, 2.445298, 264.519531, 0.575000, 21, 13.000000, 93990.000000, 300, 0.003333
"RNC_N=300,mq=1,p=0.932000",300.000000, 300, 2153, 7.176667, -0.478592, 99.898209, 2.447505, 264.924011, 0.573177, 21, 14.353333, 93192.632812, 300, 0.003333
"RNC_N=300,mq=1,p=0.934000",300.000000, 300, 2016, 6.720000, -0.444602, 107.769943, 2.473596, 261.977509, 0.581719, 21, 13.440000, 81237.960938, 300, 0.003333
"RNC_N=300,mq=1,p=0.936000",300.000000, 300, 2016, 6.720000, -0.413683, 105.801353, 2.559089, 261.118195, 0.582969, 21, 13.440000, 76909.968750, 300, 0.003333
"RNC_N=300,mq=1,p=0.938000",300.000000, 300, 2108, 7.026667, -0.471753, 106.991997, 2.421140, 264.735596, 0.575729, 21, 14.053333, 99577.125000, 300, 0.003333
"RNC_N=300,mq=1,p=0.940000",300.000000, 300, 2048, 6.826667, -0.484794, 102.455925, 2.390862, 266.040527, 0.574271, 21, 13.653334, 106159.953125, 300, 0.003333
"RNC_N=300,mq=1,p=0.942000",300.000000, 300, 1930, 6.433333, -0.457143, 104.721916, 2.484696, 264.355835, 0.573906, 21, 12.866667, 68422.578125, 300, 0.003333
"RNC_N=300,mq=1,p=0.944000",300.000000, 300, 2044, 6.813334, -0.453342, 106.812279, 2.436366, 266.780914, 0.567917, 21, 13.626667, 81976.218750, 300, 0.003333
"RNC_N=300,mq=1,p=0.946000",300.000000, 300, 2161, 7.203333, -0.445890, 108.438736, 2.487218, 261.384583, 0.578906, 21, 14.406667, 92976.367188, 300, 0.003333
"RNC_N=300,mq=1,p=0.948000",300.000000, 300, 2134, 7.113333, -0.463088, 104.785309, 2.463368, 265.108673, 0.577812, 21, 14.226666, 98931.101562, 300, 0.003333
"RNC_N=300,mq=1,p=0.950000",300.000000, 300, 1837, 6.123333, -0.426437, 113.922615, 2.470897, 255.505386, 0.589427, 21, 12.246667, 75863.875000, 300, 0.003333
"RNC_N=300,mq=1,p=0.952000",300.000000, 300, 2147, 7.156667, -0.481587, 98.828667, 2.466128, 264.591034, 0.574948, 21, 14.313334, 108896.492188, 300, 0.003333
"RNC_N=300,mq=1,p=0.954000",300.000000, 300, 2179, 7.263333, -0.462092, 105.873077, 2.465781, 261.916016, 0.578333, 21, 14.526667, 90250.726562, 300, 0.003333
"RNC_N=300,mq=1,p=0.956000",300.000000, 300, 2048, 6.826667, -0.440185, 104.388947, 2.509693, 264.420135, 0.581302, 21, 13.653334, 100811.929688, 300, 0.003333
"RNC_N=300,mq=1,p=0.958000",300.000000, 300, 1846, 6.153333, -0.448384, 108.150070, 2.461535, 259.776001, 0.582031, 21, 12.306666, 71730.132812, 300, 0.003333
"RNC_N=300,mq=1,p=0.960000",300.000000, 300, 2186, 7.286667, -0.444764, 115.213257, 2.491821, 257.735870, 0.583490, 21, 14.573334, 80743.281250, 300, 0.003333
"RNC_N=300,mq=1,p=0.962000",300.000000, 300, 1958, 6.526667, -0.468815, 106.004364, 2.441132, 261.468964, 0.575938, 21, 13.053333, 75345.187500, 300, 0.003333
"RNC_N=300,mq=1,p=0.964000",300.000000, 300, 2056, 6.853333, -0.453129, 107.746338, 2.473885, 264.530365, 0.575365, 21, 13.706667, 84496.257812, 300, 0.003333
"RNC_N=300,mq=1,p=0.966000",300.000000, 300, 2375, 7.916667, -0.499991, 98.867950, 2.424662, 268.520325, 0.564896, 21, 15.833333, 134623.750000, 300, 0.003333
"RNC_N=300,mq=1,p=0.968000",300.000000, 300, 2129, 7.096667, -0.491858, 97.568024, 2.410014, 265.349152, 0.570469, 21, 14.193334, 106356.750000, 300, 0.003333
"RNC_N=300,mq=1,p=0.970000",300.000000, 300, 2011, 6.703333, -0.465681, 105.317871, 2.423566, 263.110962, 0.577083, 21, 13.406667, 96256.421875, 300, 0.003333
"RNC_N=300,mq=1,p=0.972000",300.000000, 300, 2059, 6.863333, -0.435690, 105.770508, 2.518104, 264.567230, 0.578958, 21, 13.726666, 85454.164062, 300, 0.003333
"RNC_N=300,mq=1,p=0.974000",300.000000, 300, 2074, 6.913333, -0.444005, 106.248421, 2.519048, 259.187500, 0.580885, 21, 13.826667, 85204.929688, 300, 0.003333
"RNC_N=300,mq=1,p=0.976000",300.000000, 300, 2222, 7.406667, -0.456015, 106.941994, 2.511333, 260.359009, 0.581094, 21, 14.813334, 97793.593750, 300, 0.003333
"RNC_N=300,mq=1,p=0.978000",300.000000, 300, 2195, 7.316667, -0.461266, 104.431343, 2.486504, 263.011993, 0.579844, 21, 14.633333, 99825.593750, 300, 0.003333
"RNC_N=300,mq=1,p=0.980000",300.000000, 300, 2178, 7.260000, -0.464368, 103.345146, 2.449105, 266.390411, 0.573958, 21, 14.520000, 103606.710938, 300, 0.003333
"RNC_N=300,mq=1,p=0.982000",300.000000, 300, 2312, 7.706666, -0.457744, 109.605469, 2.474337, 262.347473, 0.579896, 21, 15.413333, 100494.703125, 300, 0.003333
"RNC_N=300,mq=1,p=0.984000",300.000000, 300, 2261, 7.536667, -0.433331, 108.545807, 2.526233, 257.771271, 0.586979, 21, 15.073334, 89134.460938, 300, 0.003333
"RNC_N=300,mq=1,p=0.986000",300.000000, 300, 2216, 7.386667, -0.476353, 101.818275, 2.482171, 267.046448, 0.570104, 21, 14.773334, 120740.125000, 300, 0.003333
"RNC_N=300,mq=1,p=0.988000",300.000000, 300, 1951, 6.503334, -0.434934, 105.254936, 2.543735, 259.690247, 0.581927, 21, 13.006667, 69206.023438, 300, 0.003333
"RNC_N=300,mq=1,p=0.990000",300.000000, 300, 2281, 7.603333, -0.428743, 106.755394, 2.578903, 258.504700, 0.583802, 21, 15.206667, 87561.265625, 300, 0.003333
"RNC_N=300,mq=1,p=0.992000",300.000000, 300, 2189, 7.296667, -0.451331, 104.224861, 2.530529, 264.997589, 0.576823, 21, 14.593333, 88910.476562, 300, 0.003333
"RNC_N=300,mq=1,p=0.994000",300.000000, 300, 2259, 7.530000, -0.425585, 108.236610, 2.530479, 257.955841, 0.587448, 21, 15.060000, 79450.937500, 300, 0.003333
"RNC_N=300,mq=1,p=0.996000",300.000000, 300, 2303, 7.676667, -0.449688, 107.280853, 2.453501, 262.274384, 0.579167, 21, 15.353333, 106160.578125, 300, 0.003333
"RNC_N=300,mq=1,p=0.998000",300.000000, 300, 2314, 7.713333, -0.474270, 102.306969, 2.478420, 266.932739, 0.570052, 21, 15.426666, 100099.367188, 300, 0.003333
