"ER_N=300_p=0.000000",300.000000, 1, 0, 0.000000, 0.000000, 0.000000, 0.000000, nan, 1.000000, 1, 0.000000, 0.000000, 300, 0.003333
"ER_N=300_p=0.000050",300.000000, 2, 3, 0.010000, 0.000000, 6.000000, 0.111902, 3.000000, 0.995000, 3, 0.020000, 5.880005, 300, 0.003333
"ER_N=300_p=0.000100",300.000000, 2, 7, 0.023333, 0.000000, 14.000000, 0.220928, 6.999999, 0.988333, 3, 0.046667, 13.346668, 300, 0.003333
"ER_N=300_p=0.000151",300.000000, 3, 17, 0.056667, -0.003333, 32.996735, 0.422711, 17.000002, 0.971667, 3, 0.113333, 32.146614, 300, 0.003333
"ER_N=300_p=0.000201",300.000000, 3, 22, 0.073333, -0.003333, 38.996727, 0.476453, 21.881659, 0.965000, 3, 0.146667, 43.546650, 300, 0.003333
"ER_N=300_p=0.000251",300.000000, 4, 20, 0.066667, 0.003333, 34.996727, 0.441050, 18.939396, 0.969167, 3, 0.133333, 40.666630, 300, 0.003333
"ER_N=300_p=0.000301",300.000000, 4, 25, 0.083333, 0.003333, 44.996738, 0.526644, 22.939064, 0.962500, 3, 0.166667, 49.666794, 300, 0.003333
"ER_N=300_p=0.000351",300.000000, 4, 37, 0.123333, 0.016667, 56.916805, 0.617189, 31.171082, 0.952500, 3, 0.246667, 79.746689, 300, 0.003333
"ER_N=300_p=0.000401",300.000000, 6, 39, 0.130000, 0.011111, 58.185081, 0.663180, 32.768009, 0.948333, 4, 0.260000, 89.719795, 300, 0.003333
"ER_N=300_p=0.000452",300.000000, 5, 45, 0.150000, -0.001111, 69.221802, 0.736976, 40.833729, 0.936875, 4, 0.300000, 90.999840, 300, 0.003333
"ER_N=300_p=0.000502",300.000000, 8, 50, 0.166667, -0.007778, 72.093063, 0.738766, 46.255024, 0.929583, 4, 0.333333, 104.666801, 300, 0.003333
"ER_N=300_p=0.000552",300.000000, 6, 54, 0.180000, -0.000000, 78.222221, 0.795930, 49.177982, 0.923854, 5, 0.360000, 111.120026, 300, 0.003333
"ER_N=300_p=0.000602",300.000000, 5, 54, 0.180000, 0.006667, 81.986740, 0.775925, 48.349865, 0.924583, 3, 0.356667, 100.836937, 300, 0.003333
"ER_N=300_p=0.000652",300.000000, 5, 58, 0.193333, -0.006667, 87.986778, 0.808357, 56.099846, 0.915417, 3, 0.386667, 103.146637, 300, 0.003333
"ER_N=300_p=0.000702",300.000000, 8, 69, 0.230000, 0.020000, 96.102104, 0.890139, 52.831532, 0.918802, 5, 0.460000, 144.519974, 300, 0.003333
"ER_N=300_p=0.000753",300.000000, 9, 59, 0.196667, 0.008889, 83.087250, 0.802626, 51.010155, 0.920625, 4, 0.393333, 121.586395, 300, 0.003333
"ER_N=300_p=0.000803",300.000000, 6, 72, 0.240000, -0.004444, 109.105492, 0.927972, 65.395813, 0.898125, 4, 0.480000, 126.880104, 300, 0.003333
"ER_N=300_p=0.000853",300.000000, 5, 73, 0.243333, 0.022222, 106.962982, 0.918802, 60.187580, 0.907083, 4, 0.486667, 140.946823, 300, 0.003333
"ER_N=300_p=0.000903",300.000000, 11, 78, 0.260000, 0.001667, 110.471107, 0.973703, 67.180244, 0.895417, 6, 0.520000, 154.880035, 300, 0.003333
"ER_N=300_p=0.000953",300.000000, 8, 93, 0.310000, -0.019556, 114.480667, 1.035515, 75.656235, 0.884792, 6, 0.620000, 192.679871, 300, 0.003333
"ER_N=300_p=0.001003",300.000000, 10, 80, 0.266667, -0.017778, 110.127213, 0.947757, 71.076431, 0.890417, 4, 0.533333, 150.666595, 300, 0.003333
"ER_N=300_p=0.001054",300.000000, 12, 108, 0.360000, -0.008222, 126.241928, 1.122573, 82.843681, 0.872604, 7, 0.716667, 238.916443, 300, 0.003333
"ER_N=300_p=0.001104",300.000000, 8, 87, 0.290000, 0.004444, 115.327713, 0.988865, 72.955353, 0.887344, 5, 0.580000, 163.080093, 300, 0.003333
"ER_N=300_p=0.001154",300.000000, 19, 95, 0.316667, -0.003333, 104.107559, 1.036118, 74.862183, 0.891667, 5, 0.633333, 207.666412, 300, 0.003333
"ER_N=300_p=0.001204",300.000000, 11, 111, 0.370000, 0.017222, 143.827652, 1.139846, 89.101524, 0.862448, 6, 0.740000, 193.720154, 300, 0.003333
"ER_N=300_p=0.001254",300.000000, 10, 111, 0.370000, -0.026667, 136.231110, 1.074153, 93.485443, 0.860052, 5, 0.740000, 195.720169, 300, 0.003333
"ER_N=300_p=0.001304",300.000000, 40, 127, 0.423333, 0.017444, 136.185532, 1.138513, 95.553474, 0.853750, 7, 0.846667, 256.946808, 300, 0.003333
"ER_N=300_p=0.001355",300.000000, 11, 103, 0.343333, -0.000000, 141.722229, 1.093242, 82.693634, 0.866667, 6, 0.680000, 175.280426, 300, 0.003333
"ER_N=300_p=0.001405",300.000000, 15, 131, 0.436667, 0.005000, 154.242645, 1.198141, 91.335426, 0.855625, 6, 0.870000, 251.929977, 300, 0.003333
"ER_N=300_p=0.001455",300.000000, 30, 119, 0.396667, -0.032333, 130.254150, 1.245403, 89.821243, 0.862292, 9, 0.786667, 274.347046, 299, 0.006667
"ER_N=300_p=0.001505",300.000000, 15, 138, 0.460000, -0.017778, 148.738525, 1.232966, 107.230423, 0.840521, 6, 0.913333, 239.746506, 300, 0.003333
"ER_N=300_p=0.001555",300.000000, 94, 165, 0.550000, 0.012111, 144.690201, 1.300037, 111.520493, 0.830625, 8, 1.090000, 322.569794, 299, 0.006667
"ER_N=300_p=0.001605",300.000000, 13, 130, 0.433333, 0.002444, 142.136139, 1.142339, 101.180237, 0.848802, 6, 0.856667, 232.835892, 299, 0.006667
"ER_N=300_p=0.001656",300.000000, 59, 160, 0.533333, -0.006778, 144.331772, 1.284059, 112.909164, 0.827135, 8, 1.063333, 335.796478, 300, 0.003333
"ER_N=300_p=0.001706",300.000000, 29, 155, 0.516667, -0.013556, 151.193817, 1.273049, 110.808205, 0.833646, 6, 1.033333, 285.666962, 300, 0.003333
"ER_N=300_p=0.001756",300.000000, 41, 160, 0.533333, 0.010000, 152.136810, 1.275054, 115.494011, 0.831354, 7, 1.063333, 281.796631, 300, 0.003333
"ER_N=300_p=0.001806",300.000000, 20, 142, 0.473333, 0.007778, 133.426392, 1.173275, 103.354973, 0.848854, 5, 0.946667, 269.146545, 300, 0.003333
"ER_N=300_p=0.001856",300.000000, 68, 177, 0.590000, -0.025556, 163.495163, 1.346152, 125.827065, 0.807656, 9, 1.176667, 343.636993, 300, 0.003333
"ER_N=300_p=0.001906",300.000000, 64, 180, 0.600000, -0.018111, 144.884827, 1.388767, 115.034233, 0.833854, 9, 1.193333, 370.786407, 300, 0.003333
"ER_N=300_p=0.001957",300.000000, 67, 174, 0.580000, 0.006000, 161.640503, 1.397963, 115.405479, 0.827083, 8, 1.153333, 332.946533, 299, 0.006667
"ER_N=300_p=0.002007",300.000000, 138, 190, 0.633333, -0.015778, 137.422852, 1.419068, 125.813057, 0.825833, 9, 1.253333, 388.746735, 299, 0.006667
"ER_N=300_p=0.002057",300.000000, 84, 174, 0.580000, -0.013444, 149.124771, 1.344498, 115.663437, 0.831771, 8, 1.156667, 347.637085, 300, 0.003333
"ER_N=300_p=0.002107",300.000000, 150, 196, 0.653333, -0.000778, 145.520828, 1.451832, 120.791077, 0.825417, 9, 1.303333, 415.396912, 297, 0.013333
"ER_N=300_p=0.002157",300.000000, 143, 202, 0.673333, 0.028333, 146.171417, 1.460684, 124.168510, 0.820781, 9, 1.330000, 412.329529, 299, 0.006667
"ER_N=300_p=0.002207",300.000000, 52, 182, 0.606667, -0.014611, 164.260681, 1.394511, 119.983818, 0.817813, 8, 1.210000, 329.770203, 300, 0.003333
"ER_N=300_p=0.002258",300.000000, 121, 183, 0.610000, -0.025000, 158.007095, 1.347846, 120.361900, 0.819948, 7, 1.216667, 354.916931, 300, 0.003333
"ER_N=300_p=0.002308",300.000000, 149, 199, 0.663333, 0.011111, 155.351578, 1.412952, 122.681114, 0.820938, 8, 1.323333, 383.637115, 300, 0.003333
"ER_N=300_p=0.002358",300.000000, 161, 219, 0.730000, -0.022556, 146.288620, 1.500082, 138.616196, 0.800365, 8, 1.460000, 406.519897, 295, 0.020000
"ER_N=300_p=0.002408",300.000000, 173, 219, 0.730000, -0.007921, 158.833786, 1.470580, 130.650589, 0.802708, 9, 1.456667, 454.436646, 300, 0.003333
"ER_N=300_p=0.002458",300.000000, 174, 223, 0.743333, -0.005111, 149.641129, 1.555083, 135.399261, 0.806458, 10, 1.473333, 454.786041, 299, 0.006667
"ER_N=300_p=0.002508",300.000000, 133, 213, 0.710000, 0.009889, 162.731827, 1.473698, 128.655746, 0.810260, 9, 1.420000, 419.079590, 298, 0.010000
"ER_N=300_p=0.002559",300.000000, 191, 245, 0.816667, -0.016833, 165.716415, 1.672784, 140.431641, 0.798073, 10, 1.623333, 466.436829, 299, 0.006667
"ER_N=300_p=0.002609",300.000000, 170, 234, 0.780000, 0.005667, 166.235779, 1.550253, 143.098099, 0.789896, 9, 1.560000, 445.919952, 298, 0.010000
"ER_N=300_p=0.002659",300.000000, 167, 216, 0.720000, 0.006111, 171.802826, 1.566268, 131.603821, 0.802917, 9, 1.440000, 403.920227, 300, 0.003333
"ER_N=300_p=0.002709",300.000000, 180, 223, 0.743333, 0.001254, 150.963028, 1.556143, 128.969162, 0.808958, 9, 1.480000, 452.879669, 297, 0.013333
"ER_N=300_p=0.002759",300.000000, 205, 265, 0.883333, 0.007857, 156.938461, 1.642248, 146.695786, 0.784271, 11, 1.766667, 561.666809, 300, 0.003333
"ER_N=300_p=0.002809",300.000000, 207, 250, 0.833333, -0.019976, 165.049942, 1.630762, 144.662231, 0.789219, 13, 1.663333, 472.995941, 297, 0.013333
"ER_N=300_p=0.002860",300.000000, 194, 252, 0.840000, 0.018778, 160.541870, 1.622070, 140.776459, 0.796094, 9, 1.666667, 538.666992, 299, 0.006667
"ER_N=300_p=0.002910",300.000000, 210, 261, 0.870000, -0.018778, 150.895187, 1.672429, 144.864578, 0.790521, 11, 1.740000, 559.719727, 292, 0.030000
"ER_N=300_p=0.002960",300.000000, 240, 285, 0.950000, 0.004302, 166.282379, 1.682712, 157.166962, 0.778385, 11, 1.896667, 481.797516, 300, 0.003333
"ER_N=300_p=0.003010",300.000000, 199, 267, 0.890000, -0.018833, 164.533813, 1.626691, 154.797714, 0.772187, 11, 1.770000, 481.129456, 299, 0.006667
"ER_N=300_p=0.003060",300.000000, 234, 277, 0.923333, 0.004889, 141.038483, 1.695111, 143.847336, 0.791823, 10, 1.846667, 610.946594, 300, 0.003333
"ER_N=300_p=0.003110",300.000000, 199, 246, 0.820000, -0.013333, 156.137848, 1.498219, 147.790756, 0.785990, 9, 1.640000, 437.120911, 300, 0.003333
"ER_N=300_p=0.003161",300.000000, 242, 305, 1.016667, 0.011230, 160.123444, 1.773437, 160.906174, 0.766354, 12, 2.016667, 578.916687, 297, 0.010000
"ER_N=300_p=0.003211",300.000000, 242, 296, 0.986667, -0.018333, 145.686920, 1.733061, 155.406540, 0.782083, 10, 1.963333, 502.596222, 288, 0.033333
"ER_N=300_p=0.003261",300.000000, 243, 301, 1.003333, -0.000730, 142.659790, 1.690793, 155.311798, 0.782135, 13, 2.000000, 602.000000, 295, 0.020000
"ER_N=300_p=0.003311",300.000000, 236, 290, 0.966667, 0.013056, 151.445740, 1.669493, 162.086182, 0.771771, 11, 1.933333, 556.667419, 300, 0.003333
"ER_N=300_p=0.003361",300.000000, 224, 280, 0.933333, 0.002111, 160.086548, 1.705179, 156.775040, 0.770365, 11, 1.866667, 536.666443, 300, 0.003333
"ER_N=300_p=0.003411",300.000000, 264, 326, 1.086667, -0.010889, 145.527740, 1.836200, 164.507141, 0.774688, 12, 2.173333, 594.985718, 289, 0.030000
"ER_N=300_p=0.003462",300.000000, 249, 317, 1.056667, -0.025087, 157.387314, 1.867910, 162.036896, 0.768438, 13, 2.103333, 647.797424, 294, 0.020000
"ER_N=300_p=0.003512",300.000000, 236, 302, 1.006667, 0.025802, 161.247681, 1.764373, 155.794678, 0.776354, 12, 2.006667, 579.986328, 299, 0.006667
"ER_N=300_p=0.003562",300.000000, 256, 349, 1.163333, -0.045831, 128.100449, 1.832076, 162.833908, 0.772031, 12, 2.313333, 802.546936, 277, 0.066667
"ER_N=300_p=0.003612",300.000000, 249, 324, 1.080000, -0.057889, 155.915619, 1.780894, 167.987564, 0.762917, 11, 2.146667, 595.546570, 299, 0.006667
"ER_N=300_p=0.003662",300.000000, 243, 299, 0.996667, -0.016706, 142.393997, 1.799117, 150.678192, 0.789531, 14, 1.990000, 658.970337, 285, 0.053333
"ER_N=300_p=0.003712",300.000000, 242, 309, 1.030000, 0.008349, 142.363724, 1.776038, 156.472809, 0.781042, 12, 2.056667, 616.036987, 292, 0.020000
"ER_N=300_p=0.003763",300.000000, 267, 352, 1.173333, -0.037579, 154.215546, 1.865497, 169.053101, 0.760260, 14, 2.340000, 707.320129, 280, 0.053333
"ER_N=300_p=0.003813",300.000000, 245, 327, 1.090000, 0.023238, 124.084602, 1.849258, 146.854843, 0.795677, 12, 2.166667, 731.666626, 281, 0.033333
"ER_N=300_p=0.003863",300.000000, 265, 377, 1.256667, -0.010921, 139.214859, 1.971527, 163.827209, 0.765729, 13, 2.506667, 802.987427, 260, 0.116667
"ER_N=300_p=0.003913",300.000000, 256, 365, 1.216667, -0.008230, 137.895706, 1.968210, 159.963516, 0.773177, 13, 2.423333, 779.236267, 257, 0.133333
"ER_N=300_p=0.003963",300.000000, 253, 332, 1.106667, 0.014286, 149.251862, 1.857551, 166.225937, 0.767448, 13, 2.203333, 596.596069, 294, 0.023333
"ER_N=300_p=0.004013",300.000000, 271, 404, 1.346667, -0.002794, 131.899979, 2.043660, 172.994308, 0.761875, 14, 2.693333, 813.787354, 246, 0.160000
"ER_N=300_p=0.004064",300.000000, 263, 384, 1.280000, -0.010460, 129.354691, 1.982582, 169.356171, 0.770000, 13, 2.553333, 704.146484, 271, 0.036667
"ER_N=300_p=0.004114",300.000000, 269, 369, 1.230000, -0.006937, 151.936371, 1.973104, 168.074188, 0.756823, 12, 2.460000, 664.520264, 280, 0.036667
"ER_N=300_p=0.004164",300.000000, 265, 375, 1.250000, 0.016117, 134.031631, 1.906502, 168.307922, 0.767344, 13, 2.493333, 848.987671, 253, 0.130000
"ER_N=300_p=0.004214",300.000000, 268, 398, 1.326667, -0.003722, 133.184464, 2.075243, 166.544113, 0.763802, 15, 2.643333, 816.835754, 212, 0.296667
"ER_N=300_p=0.004264",300.000000, 263, 377, 1.256667, 0.013889, 133.663559, 1.947134, 163.883209, 0.768385, 12, 2.500000, 793.000000, 285, 0.043333
"ER_N=300_p=0.004314",300.000000, 267, 364, 1.213333, -0.013389, 130.567963, 1.977242, 162.017776, 0.768958, 14, 2.420000, 657.080322, 238, 0.203333
"ER_N=300_p=0.004365",300.000000, 266, 374, 1.246667, -0.004008, 133.452759, 1.981648, 173.239517, 0.750104, 13, 2.486667, 698.946289, 289, 0.023333
"ER_N=300_p=0.004415",300.000000, 273, 391, 1.303333, 0.004159, 133.809509, 2.020428, 166.399414, 0.771771, 14, 2.590000, 782.569275, 216, 0.283333
"ER_N=300_p=0.004465",300.000000, 270, 401, 1.336667, 0.025857, 139.571365, 2.084922, 165.507706, 0.769740, 14, 2.666667, 818.665955, 242, 0.190000
"ER_N=300_p=0.004515",300.000000, 281, 409, 1.363333, 0.002746, 141.355560, 2.080889, 172.488235, 0.754219, 13, 2.716667, 730.917236, 274, 0.070000
"ER_N=300_p=0.004565",300.000000, 261, 372, 1.240000, 0.000024, 134.312592, 2.003113, 159.384140, 0.773073, 15, 2.466667, 800.666931, 276, 0.080000
"ER_N=300_p=0.004615",300.000000, 275, 412, 1.373333, 0.024032, 130.956573, 2.015376, 170.590118, 0.759948, 13, 2.743333, 823.236572, 243, 0.193333
"ER_N=300_p=0.004666",300.000000, 276, 437, 1.456667, -0.005190, 130.722153, 2.195321, 174.721207, 0.756510, 14, 2.910000, 900.569885, 213, 0.273333
"ER_N=300_p=0.004716",300.000000, 278, 435, 1.450000, -0.003571, 128.757385, 2.133515, 172.760361, 0.761354, 14, 2.890000, 795.369812, 249, 0.166667
"ER_N=300_p=0.004766",300.000000, 284, 460, 1.533333, 0.027542, 120.736053, 2.135869, 180.065048, 0.750521, 15, 3.053333, 879.146423, 183, 0.393333
"ER_N=300_p=0.004816",300.000000, 284, 449, 1.496667, -0.007876, 113.173004, 2.090009, 193.240112, 0.742396, 13, 2.983333, 694.916870, 241, 0.193333
"ER_N=300_p=0.004866",300.000000, 283, 427, 1.423333, -0.013262, 126.529915, 2.058930, 175.879166, 0.765729, 12, 2.840000, 734.319763, 208, 0.286667
"ER_N=300_p=0.004916",300.000000, 286, 475, 1.583333, 0.014417, 110.611023, 2.223671, 168.033844, 0.764948, 16, 3.160000, 1020.319519, 182, 0.356667
"ER_N=300_p=0.004967",300.000000, 290, 467, 1.556667, 0.004172, 129.211945, 2.178471, 178.159576, 0.763594, 15, 3.113333, 1036.146118, 166, 0.450000
"ER_N=300_p=0.005017",300.000000, 284, 461, 1.536667, 0.004778, 116.400085, 2.188535, 178.144760, 0.754010, 14, 3.060000, 852.920288, 173, 0.423333
"ER_N=300_p=0.005067",300.000000, 279, 426, 1.420000, -0.020595, 133.927979, 2.150165, 177.274933, 0.753438, 14, 2.830000, 826.329224, 227, 0.243333
"ER_N=300_p=0.005117",300.000000, 278, 427, 1.423333, 0.024886, 133.899231, 2.066837, 176.278900, 0.754010, 15, 2.833333, 831.666260, 219, 0.260000
"ER_N=300_p=0.005167",300.000000, 284, 449, 1.496667, 0.017661, 126.049179, 2.071137, 174.190796, 0.753698, 14, 2.960000, 929.519104, 219, 0.270000
"ER_N=300_p=0.005217",300.000000, 287, 482, 1.606667, 0.001005, 123.202972, 2.198470, 184.600891, 0.749531, 13, 3.206667, 939.188904, 180, 0.403333
"ER_N=300_p=0.005268",300.000000, 283, 458, 1.526667, -0.029422, 121.066116, 2.146107, 180.844482, 0.750052, 13, 3.030000, 940.732117, 207, 0.310000
"ER_N=300_p=0.005318",300.000000, 282, 483, 1.610000, 0.003365, 108.023018, 2.204230, 170.546829, 0.770156, 15, 3.196667, 953.396606, 144, 0.523333
"ER_N=300_p=0.005368",300.000000, 286, 486, 1.620000, 0.004516, 98.163307, 2.219187, 179.980423, 0.756042, 15, 3.230000, 967.129456, 160, 0.470000
"ER_N=300_p=0.005418",300.000000, 292, 489, 1.630000, 0.029238, 115.035568, 2.232714, 184.072586, 0.747708, 13, 3.240000, 790.719299, 192, 0.353333
"ER_N=300_p=0.005468",300.000000, 272, 463, 1.543333, -0.012929, 117.630508, 2.233652, 176.230957, 0.752083, 16, 3.076667, 1011.236938, 186, 0.383333
"ER_N=300_p=0.005518",300.000000, 282, 500, 1.666667, -0.021101, 107.809891, 2.251278, 186.893463, 0.743802, 14, 3.326667, 1051.986938, 161, 0.466667
"ER_N=300_p=0.005569",300.000000, 293, 497, 1.656667, -0.031996, 124.201523, 2.229335, 180.863235, 0.754115, 14, 3.300000, 971.000793, 144, 0.523333
"ER_N=300_p=0.005619",300.000000, 294, 552, 1.840000, -0.007032, 112.519753, 2.371943, 186.361633, 0.746094, 16, 3.653333, 1073.946411, 144, 0.520000
"ER_N=300_p=0.005669",300.000000, 293, 524, 1.746667, 0.000538, 116.354530, 2.298039, 187.722107, 0.745313, 16, 3.486667, 928.945374, 177, 0.396667
"ER_N=300_p=0.005719",300.000000, 292, 528, 1.760000, -0.010423, 112.785049, 2.329465, 190.828018, 0.735000, 16, 3.510000, 1004.969238, 172, 0.430000
"ER_N=300_p=0.005769",300.000000, 291, 538, 1.793333, -0.029929, 107.351570, 2.285560, 185.355820, 0.744115, 16, 3.576667, 1037.236206, 149, 0.506667
"ER_N=300_p=0.005819",300.000000, 286, 495, 1.650000, -0.041175, 124.033203, 2.258337, 186.900284, 0.739583, 16, 3.293333, 946.188843, 192, 0.356667
"ER_N=300_p=0.005870",300.000000, 295, 535, 1.783333, -0.016185, 104.960365, 2.283211, 196.736282, 0.730833, 16, 3.546667, 876.346008, 152, 0.496667
"ER_N=300_p=0.005920",300.000000, 294, 503, 1.676667, 0.021658, 112.818230, 2.279650, 192.510056, 0.744323, 14, 3.353333, 930.544983, 154, 0.490000
"ER_N=300_p=0.005970",300.000000, 288, 531, 1.770000, -0.030706, 98.308502, 2.315263, 185.910477, 0.739427, 15, 3.536667, 1028.597046, 138, 0.543333
"ER_N=300_p=0.006020",300.000000, 285, 514, 1.713333, -0.011735, 102.268471, 2.238543, 187.433426, 0.744896, 14, 3.410000, 1088.569824, 152, 0.496667
"ER_N=300_p=0.006070",300.000000, 292, 556, 1.853333, -0.003278, 109.681473, 2.342201, 193.710526, 0.729427, 16, 3.690000, 1106.169678, 137, 0.546667
"ER_N=300_p=0.006120",300.000000, 291, 498, 1.660000, -0.019423, 120.069786, 2.241820, 178.197174, 0.760885, 14, 3.310000, 932.170654, 179, 0.406667
"ER_N=300_p=0.006171",300.000000, 292, 548, 1.826667, -0.015909, 111.293648, 2.326313, 184.269623, 0.747292, 16, 3.636667, 1203.396484, 139, 0.540000
"ER_N=300_p=0.006221",300.000000, 295, 594, 1.980000, -0.012588, 92.591400, 2.397074, 187.071335, 0.748333, 16, 3.926667, 970.385132, 104, 0.656667
"ER_N=300_p=0.006271",300.000000, 293, 582, 1.940000, -0.019026, 103.999130, 2.428118, 194.511093, 0.734427, 16, 3.860000, 1178.121094, 138, 0.543333
"ER_N=300_p=0.006321",300.000000, 291, 581, 1.936667, 0.006208, 98.139450, 2.395789, 186.725677, 0.749531, 16, 3.853333, 1113.543579, 117, 0.613333
"ER_N=300_p=0.006371",300.000000, 290, 637, 2.123333, 0.006003, 77.924133, 2.447658, 195.880890, 0.735937, 17, 4.223333, 1154.037598, 85, 0.720000
"ER_N=300_p=0.006421",300.000000, 293, 593, 1.976667, -0.002754, 95.745354, 2.360949, 179.119263, 0.757031, 17, 3.913333, 1309.745972, 95, 0.686667
"ER_N=300_p=0.006472",300.000000, 295, 564, 1.880000, -0.018339, 103.890053, 2.401965, 191.728958, 0.737865, 17, 3.743333, 1153.235962, 125, 0.586667
"ER_N=300_p=0.006522",300.000000, 291, 556, 1.853333, -0.011737, 112.778534, 2.358876, 188.025360, 0.750833, 16, 3.696667, 1225.397827, 144, 0.523333
"ER_N=300_p=0.006572",300.000000, 287, 570, 1.900000, -0.010069, 94.042770, 2.296297, 176.005234, 0.763854, 15, 3.783333, 1176.916870, 129, 0.566667
"ER_N=300_p=0.006622",300.000000, 290, 546, 1.820000, -0.026597, 114.641724, 2.347996, 179.967056, 0.755260, 15, 3.620000, 1126.680054, 146, 0.510000
"ER_N=300_p=0.006672",300.000000, 294, 636, 2.120000, 0.015839, 89.833580, 2.459981, 198.649796, 0.736406, 17, 4.206666, 1215.189209, 91, 0.700000
"ER_N=300_p=0.006722",300.000000, 297, 615, 2.050000, 0.004701, 104.899513, 2.406315, 183.194443, 0.757187, 17, 4.076667, 1205.235596, 115, 0.620000
"ER_N=300_p=0.006773",300.000000, 294, 626, 2.086667, -0.038511, 97.360153, 2.404323, 195.900742, 0.739115, 15, 4.163333, 1152.996582, 113, 0.626667
"ER_N=300_p=0.006823",300.000000, 293, 601, 2.003333, -0.039899, 93.596550, 2.391749, 187.364487, 0.745208, 15, 3.980000, 1223.880493, 109, 0.636667
"ER_N=300_p=0.006873",300.000000, 296, 598, 1.993333, 0.026593, 97.203178, 2.427947, 184.806183, 0.750208, 16, 3.973333, 1111.786621, 111, 0.633333
"ER_N=300_p=0.006923",300.000000, 297, 649, 2.163333, 0.008934, 85.033241, 2.497296, 200.846161, 0.741146, 15, 4.306667, 1259.786865, 83, 0.726667
"ER_N=300_p=0.006973",300.000000, 297, 628, 2.093333, 0.028889, 94.813705, 2.494567, 185.640747, 0.749896, 16, 4.156667, 1141.635986, 108, 0.643333
"ER_N=300_p=0.007023",300.000000, 295, 651, 2.170000, 0.007029, 87.152641, 2.387287, 195.911606, 0.741719, 16, 4.300000, 1302.999756, 96, 0.683333
"ER_N=300_p=0.007074",300.000000, 298, 631, 2.103333, 0.002595, 105.682045, 2.503174, 194.103561, 0.733750, 17, 4.180000, 1156.280029, 116, 0.616667
"ER_N=300_p=0.007124",300.000000, 297, 651, 2.170000, 0.011452, 87.911873, 2.465428, 199.736176, 0.739427, 15, 4.310000, 1404.167480, 81, 0.733333
"ER_N=300_p=0.007174",300.000000, 293, 626, 2.086667, -0.010328, 80.134445, 2.439303, 182.930725, 0.754583, 15, 4.150000, 1186.250122, 75, 0.753333
"ER_N=300_p=0.007224",300.000000, 294, 660, 2.200000, 0.005783, 91.782051, 2.475276, 191.311356, 0.743229, 16, 4.360000, 1367.117920, 92, 0.696667
"ER_N=300_p=0.007274",300.000000, 293, 625, 2.083333, 0.005695, 90.551262, 2.424169, 195.395386, 0.740469, 15, 4.143333, 1184.836182, 116, 0.616667
"ER_N=300_p=0.007324",300.000000, 294, 614, 2.046667, -0.031476, 102.306808, 2.471080, 191.433380, 0.734427, 17, 4.066667, 1178.666504, 118, 0.606667
"ER_N=300_p=0.007375",300.000000, 297, 684, 2.280000, 0.013302, 84.940941, 2.575559, 189.258240, 0.741823, 19, 4.526667, 1428.785156, 72, 0.763333
"ER_N=300_p=0.007425",300.000000, 293, 641, 2.136667, 0.014478, 83.736931, 2.484825, 194.402603, 0.746615, 17, 4.243333, 1337.237549, 87, 0.713333
"ER_N=300_p=0.007475",300.000000, 299, 658, 2.193333, 0.020933, 92.973022, 2.438577, 191.159515, 0.738906, 17, 4.356667, 1146.835571, 96, 0.683333
"ER_N=300_p=0.007525",300.000000, 299, 658, 2.193333, -0.025593, 85.595909, 2.457350, 194.939499, 0.744479, 17, 4.383333, 1122.916626, 83, 0.726667
"ER_N=300_p=0.007575",300.000000, 296, 686, 2.286667, 0.012774, 81.380829, 2.477962, 201.042282, 0.733021, 17, 4.560000, 1417.920288, 78, 0.743333
"ER_N=300_p=0.007625",300.000000, 298, 712, 2.373333, 0.006620, 80.961510, 2.532020, 196.289352, 0.739375, 17, 4.723333, 1374.035645, 61, 0.800000
"ER_N=300_p=0.007676",300.000000, 297, 730, 2.433333, -0.017049, 69.663597, 2.485960, 185.395370, 0.756771, 17, 4.840000, 1386.319702, 52, 0.830000
"ER_N=300_p=0.007726",300.000000, 299, 718, 2.393333, -0.006261, 76.721352, 2.483765, 196.810837, 0.739583, 16, 4.756667, 1195.237305, 59, 0.806667
"ER_N=300_p=0.007776",300.000000, 295, 668, 2.226667, 0.007835, 75.744621, 2.465704, 203.517075, 0.745104, 17, 4.440000, 1373.920166, 74, 0.756667
"ER_N=300_p=0.007826",300.000000, 299, 726, 2.420000, -0.009177, 73.846184, 2.494674, 190.856750, 0.745104, 18, 4.810000, 1540.173340, 56, 0.816667
"ER_N=300_p=0.007876",300.000000, 300, 751, 2.503333, 0.015069, 89.601082, 2.584120, 188.634460, 0.751615, 18, 4.986667, 1237.946899, 69, 0.773333
"ER_N=300_p=0.007926",300.000000, 297, 715, 2.383333, 0.000455, 93.329254, 2.574357, 202.983353, 0.725260, 16, 4.723333, 1390.035645, 88, 0.710000
"ER_N=300_p=0.007977",300.000000, 295, 694, 2.313333, 0.005006, 81.089600, 2.499097, 186.088745, 0.747708, 16, 4.600000, 1482.000122, 72, 0.760000
"ER_N=300_p=0.008027",300.000000, 298, 723, 2.410000, 0.012698, 80.768181, 2.479134, 204.057297, 0.735260, 18, 4.796667, 1512.597290, 78, 0.743333
"ER_N=300_p=0.008077",300.000000, 299, 729, 2.430000, -0.018324, 81.628555, 2.536983, 197.119232, 0.744583, 18, 4.846667, 1342.946777, 68, 0.776667
"ER_N=300_p=0.008127",300.000000, 299, 731, 2.436667, -0.007399, 86.079353, 2.569895, 193.353928, 0.733802, 17, 4.863333, 1297.396240, 80, 0.736667
"ER_N=300_p=0.008177",300.000000, 300, 758, 2.526667, -0.012649, 75.557159, 2.532221, 196.794083, 0.739375, 17, 5.016667, 1472.914673, 60, 0.803333
"ER_N=300_p=0.008227",300.000000, 299, 769, 2.563333, -0.011924, 76.052803, 2.551911, 197.778183, 0.737500, 18, 5.096667, 1446.197144, 60, 0.803333
"ER_N=300_p=0.008278",300.000000, 300, 744, 2.480000, -0.017029, 76.369057, 2.530164, 200.905090, 0.749271, 16, 4.926667, 1346.387573, 57, 0.813333
"ER_N=300_p=0.008328",300.000000, 299, 732, 2.440000, 0.001434, 78.738640, 2.532331, 205.681625, 0.738021, 17, 4.856667, 1424.837524, 69, 0.773333
"ER_N=300_p=0.008378",300.000000, 298, 750, 2.500000, -0.003719, 77.802269, 2.522572, 189.560318, 0.749583, 18, 4.980000, 1603.881226, 65, 0.786667
"ER_N=300_p=0.008428",300.000000, 298, 758, 2.526667, 0.002380, 70.881195, 2.532314, 197.873184, 0.747552, 17, 5.023334, 1406.836670, 49, 0.840000
"ER_N=300_p=0.008478",300.000000, 297, 765, 2.550000, 0.011886, 67.565887, 2.529725, 193.528900, 0.738021, 16, 5.066667, 1276.666992, 46, 0.850000
"ER_N=300_p=0.008528",300.000000, 300, 759, 2.530000, -0.007212, 71.957764, 2.556146, 198.928665, 0.734844, 17, 5.030000, 1512.729980, 50, 0.836667
"ER_N=300_p=0.008579",300.000000, 299, 821, 2.736667, -0.020467, 62.340542, 2.505181, 197.659607, 0.739792, 18, 5.436666, 1715.796387, 41, 0.866667
"ER_N=300_p=0.008629",300.000000, 300, 807, 2.690000, -0.023981, 75.497917, 2.614584, 191.952896, 0.738542, 19, 5.343333, 1647.636597, 54, 0.823333
"ER_N=300_p=0.008679",300.000000, 299, 757, 2.523333, 0.005872, 75.058289, 2.510739, 209.201950, 0.727396, 17, 5.016667, 1578.913086, 72, 0.763333
"ER_N=300_p=0.008729",300.000000, 300, 778, 2.593333, 0.016234, 80.155663, 2.596356, 195.654556, 0.748385, 17, 5.156667, 1351.636230, 64, 0.790000
"ER_N=300_p=0.008779",300.000000, 298, 783, 2.610000, 0.011798, 73.152077, 2.545845, 198.608124, 0.743281, 17, 5.190000, 1526.172852, 55, 0.820000
"ER_N=300_p=0.008829",300.000000, 298, 844, 2.813333, -0.014459, 66.485588, 2.562312, 196.888458, 0.747813, 20, 5.590000, 1756.570557, 53, 0.826667
"ER_N=300_p=0.008880",300.000000, 298, 787, 2.623333, 0.007627, 65.201408, 2.478527, 191.485748, 0.754427, 15, 5.196667, 1501.396362, 45, 0.853333
"ER_N=300_p=0.008930",300.000000, 298, 847, 2.823333, 0.002339, 70.346855, 2.581829, 204.865936, 0.747187, 19, 5.603333, 1785.797607, 55, 0.820000
"ER_N=300_p=0.008980",300.000000, 299, 785, 2.616667, 0.011161, 63.397015, 2.505360, 203.045151, 0.734531, 17, 5.196667, 1353.396118, 46, 0.850000
"ER_N=300_p=0.009030",300.000000, 297, 826, 2.753333, 0.015922, 68.025681, 2.601109, 193.582489, 0.740573, 19, 5.433333, 1585.667480, 50, 0.836667
"ER_N=300_p=0.009080",300.000000, 299, 797, 2.656667, -0.003297, 74.324272, 2.621140, 194.495544, 0.746562, 18, 5.280000, 1498.480591, 48, 0.843333
"ER_N=300_p=0.009130",300.000000, 300, 876, 2.920000, 0.009199, 62.028214, 2.539106, 197.517517, 0.740729, 18, 5.790000, 1733.771606, 35, 0.883333
"ER_N=300_p=0.009181",300.000000, 300, 851, 2.836667, 0.001094, 61.518646, 2.574942, 205.667419, 0.743021, 18, 5.610000, 1417.369019, 37, 0.880000
"ER_N=300_p=0.009231",300.000000, 300, 844, 2.813333, 0.009674, 68.219810, 2.562600, 211.463074, 0.731979, 19, 5.600000, 1680.001221, 46, 0.850000
"ER_N=300_p=0.009281",300.000000, 299, 847, 2.823333, 0.001109, 70.331764, 2.612257, 195.783905, 0.747917, 18, 5.613333, 1759.145752, 53, 0.826667
"ER_N=300_p=0.009331",300.000000, 299, 868, 2.893333, 0.004591, 58.795010, 2.561371, 200.986176, 0.744896, 17, 5.746666, 1492.746948, 34, 0.890000
"ER_N=300_p=0.009381",300.000000, 300, 802, 2.673333, 0.009886, 70.450043, 2.573988, 203.781921, 0.723958, 19, 5.320000, 1725.281250, 50, 0.836667
"ER_N=300_p=0.009431",300.000000, 300, 887, 2.956667, 0.014624, 62.476959, 2.576558, 202.104874, 0.742188, 18, 5.880000, 1691.680664, 34, 0.890000
"ER_N=300_p=0.009482",300.000000, 300, 885, 2.950000, -0.030316, 56.067928, 2.563094, 200.987610, 0.753542, 19, 5.863333, 1517.396484, 35, 0.886667
"ER_N=300_p=0.009532",300.000000, 298, 828, 2.760000, 0.006800, 63.599388, 2.483028, 190.570801, 0.762500, 18, 5.476666, 1696.836304, 39, 0.873333
"ER_N=300_p=0.009582",300.000000, 299, 831, 2.770000, -0.012599, 71.103775, 2.592544, 201.475677, 0.732031, 19, 5.490000, 1574.969727, 50, 0.833333
"ER_N=300_p=0.009632",300.000000, 300, 881, 2.936667, -0.025843, 63.164619, 2.574455, 201.452423, 0.743438, 17, 5.853333, 1737.542114, 39, 0.873333
"ER_N=300_p=0.009682",300.000000, 300, 857, 2.856667, -0.018909, 69.895622, 2.576086, 189.593353, 0.743073, 18, 5.686666, 1890.547241, 46, 0.850000
"ER_N=300_p=0.009732",300.000000, 299, 802, 2.673333, 0.000561, 73.354462, 2.554300, 199.370605, 0.734635, 17, 5.306667, 1643.786621, 56, 0.816667
"ER_N=300_p=0.009783",300.000000, 300, 885, 2.950000, 0.006026, 60.347439, 2.615938, 198.529358, 0.754375, 19, 5.843333, 1367.636353, 32, 0.896667
"ER_N=300_p=0.009833",300.000000, 300, 886, 2.953333, 0.023033, 66.909576, 2.653699, 201.207306, 0.743177, 19, 5.880000, 1467.680786, 36, 0.883333
"ER_N=300_p=0.009883",300.000000, 299, 888, 2.960000, 0.000593, 61.173985, 2.594051, 195.515808, 0.750000, 18, 5.863333, 1599.397217, 35, 0.886667
"ER_N=300_p=0.009933",300.000000, 300, 910, 3.033333, -0.013461, 58.696205, 2.625236, 200.125534, 0.746667, 20, 6.030000, 1686.729614, 29, 0.906667
"ER_N=300_p=0.009983",300.000000, 300, 943, 3.143333, -0.018581, 60.842426, 2.605462, 195.823761, 0.748542, 17, 6.230000, 2013.129883, 32, 0.893333
"ER_N=300_p=0.010033",300.000000, 297, 890, 2.966667, 0.022763, 62.821102, 2.609651, 190.284134, 0.757396, 18, 5.883333, 1706.917847, 37, 0.880000
"ER_N=300_p=0.010084",300.000000, 299, 816, 2.720000, -0.007108, 78.260384, 2.638718, 200.730988, 0.749167, 18, 5.386667, 1651.146240, 58, 0.810000
"ER_N=300_p=0.010134",300.000000, 300, 887, 2.956667, -0.011911, 66.292763, 2.655897, 197.400818, 0.753333, 19, 5.876667, 1732.437256, 39, 0.870000
"ER_N=300_p=0.010184",300.000000, 299, 926, 3.086667, -0.016789, 56.067516, 2.569285, 199.184265, 0.755521, 17, 6.113333, 1736.146240, 34, 0.890000
"ER_N=300_p=0.010234",300.000000, 299, 860, 2.866667, -0.017564, 64.646622, 2.632438, 201.918671, 0.734531, 17, 5.700000, 1670.999268, 38, 0.876667
"ER_N=300_p=0.010284",300.000000, 299, 902, 3.006667, -0.011403, 58.609203, 2.587165, 198.821976, 0.760521, 17, 5.990000, 1650.971069, 33, 0.893333
"ER_N=300_p=0.010334",300.000000, 299, 903, 3.010000, -0.008413, 59.151707, 2.649490, 197.475388, 0.754167, 18, 5.976666, 1452.836426, 27, 0.913333
"ER_N=300_p=0.010385",300.000000, 300, 966, 3.220000, -0.006125, 58.444000, 2.622334, 202.661880, 0.742396, 18, 6.396667, 1853.797485, 29, 0.906667
"ER_N=300_p=0.010435",300.000000, 300, 970, 3.233333, 0.007289, 54.110073, 2.590523, 194.772079, 0.760365, 18, 6.430000, 1833.530640, 21, 0.933333
"ER_N=300_p=0.010485",300.000000, 299, 941, 3.136667, -0.010368, 64.565575, 2.598784, 199.018860, 0.745260, 17, 6.243333, 1885.237183, 31, 0.900000
"ER_N=300_p=0.010535",300.000000, 299, 940, 3.133333, -0.008981, 60.391663, 2.613289, 201.243912, 0.742865, 19, 6.190000, 1794.173828, 32, 0.896667
"ER_N=300_p=0.010585",300.000000, 300, 987, 3.290000, 0.001615, 56.891762, 2.604765, 199.688477, 0.751354, 18, 6.560000, 1925.920288, 27, 0.913333
"ER_N=300_p=0.010635",300.000000, 299, 977, 3.256667, -0.000912, 45.295128, 2.561782, 197.715607, 0.746354, 19, 6.453333, 1884.347412, 16, 0.950000
"ER_N=300_p=0.010686",300.000000, 299, 965, 3.216667, -0.005166, 56.126068, 2.632637, 196.697342, 0.758385, 20, 6.373333, 1830.185425, 27, 0.913333
"ER_N=300_p=0.010736",300.000000, 300, 1005, 3.350000, 0.011688, 56.421589, 2.664392, 199.024094, 0.752969, 18, 6.643333, 1874.834595, 27, 0.913333
"ER_N=300_p=0.010786",300.000000, 300, 994, 3.313333, 0.011957, 55.596565, 2.626755, 185.890259, 0.761198, 18, 6.576667, 1889.235474, 24, 0.923333
"ER_N=300_p=0.010836",300.000000, 300, 957, 3.190000, 0.002064, 60.616867, 2.651731, 200.502518, 0.755469, 19, 6.346667, 1857.945801, 35, 0.886667
"ER_N=300_p=0.010886",300.000000, 300, 1003, 3.343333, 0.008383, 55.600201, 2.587860, 202.964355, 0.748958, 19, 6.613333, 1915.145630, 25, 0.920000
"ER_N=300_p=0.010936",300.000000, 299, 1044, 3.480000, -0.019531, 64.876038, 2.673087, 199.047211, 0.742813, 18, 6.920000, 2146.078369, 34, 0.890000
"ER_N=300_p=0.010987",300.000000, 300, 1005, 3.350000, -0.002025, 51.916862, 2.655480, 201.007294, 0.735365, 19, 6.623333, 2084.436279, 21, 0.933333
"ER_N=300_p=0.011037",300.000000, 300, 985, 3.283333, -0.003455, 53.826244, 2.560544, 210.159378, 0.739219, 18, 6.513333, 1910.946533, 26, 0.916667
"ER_N=300_p=0.011087",300.000000, 300, 1033, 3.443333, 0.005604, 51.234741, 2.614213, 190.737442, 0.764635, 18, 6.856667, 1802.837280, 17, 0.946667
"ER_N=300_p=0.011137",300.000000, 299, 1078, 3.593333, 0.019882, 45.581585, 2.597175, 213.842148, 0.738906, 19, 7.106667, 2330.584961, 13, 0.960000
"ER_N=300_p=0.011187",300.000000, 300, 1010, 3.366667, 0.024847, 66.162857, 2.691148, 191.129639, 0.751198, 18, 6.670000, 2110.329590, 36, 0.883333
"ER_N=300_p=0.011237",300.000000, 299, 1005, 3.350000, 0.003150, 57.884018, 2.655392, 200.905258, 0.746250, 20, 6.680000, 2021.280518, 24, 0.920000
"ER_N=300_p=0.011288",300.000000, 299, 1021, 3.403333, -0.008180, 57.001099, 2.652822, 201.554535, 0.733333, 19, 6.776667, 1992.038330, 26, 0.916667
"ER_N=300_p=0.011338",300.000000, 299, 1079, 3.596667, 0.001603, 48.514053, 2.618663, 200.068588, 0.759531, 19, 7.110000, 2111.369385, 18, 0.943333
"ER_N=300_p=0.011388",300.000000, 299, 998, 3.326667, 0.005328, 59.117146, 2.696250, 212.905441, 0.739792, 19, 6.593333, 1818.386353, 32, 0.896667
"ER_N=300_p=0.011438",300.000000, 300, 1011, 3.370000, 0.003985, 57.011337, 2.601089, 203.657425, 0.746667, 19, 6.693333, 1701.786743, 25, 0.920000
"ER_N=300_p=0.011488",300.000000, 300, 1087, 3.623333, 0.010372, 43.220985, 2.564101, 193.881287, 0.764219, 18, 7.213333, 2236.347656, 12, 0.963333
"ER_N=300_p=0.011538",300.000000, 299, 972, 3.240000, -0.006399, 53.879333, 2.616434, 200.570236, 0.745417, 18, 6.446667, 1994.146851, 29, 0.906667
"ER_N=300_p=0.011589",300.000000, 300, 1010, 3.366667, 0.008978, 60.016712, 2.677407, 200.829636, 0.739948, 18, 6.703333, 2250.596680, 28, 0.910000
"ER_N=300_p=0.011639",300.000000, 299, 1019, 3.396667, -0.005493, 61.718777, 2.674348, 194.158783, 0.754167, 19, 6.710000, 2017.771484, 37, 0.880000
"ER_N=300_p=0.011689",300.000000, 299, 1059, 3.530000, -0.006801, 52.681419, 2.680874, 198.114532, 0.755781, 18, 7.016667, 2062.912842, 19, 0.940000
"ER_N=300_p=0.011739",300.000000, 300, 1048, 3.493333, -0.007637, 55.841572, 2.605694, 201.579926, 0.743490, 17, 6.936666, 2281.797363, 27, 0.913333
"ER_N=300_p=0.011789",300.000000, 300, 1103, 3.676667, -0.005417, 52.103638, 2.627231, 196.348221, 0.753802, 18, 7.290000, 2387.770020, 22, 0.930000
"ER_N=300_p=0.011839",300.000000, 300, 998, 3.326667, -0.002601, 57.796318, 2.648684, 192.856461, 0.749531, 19, 6.636667, 1715.397217, 29, 0.906667
"ER_N=300_p=0.011890",300.000000, 299, 1097, 3.656667, 0.002347, 53.570515, 2.641632, 199.805679, 0.754219, 19, 7.250000, 2258.250000, 29, 0.906667
"ER_N=300_p=0.011940",300.000000, 300, 1087, 3.623333, 0.015407, 49.208233, 2.577530, 200.900391, 0.754062, 18, 7.173333, 2350.985352, 24, 0.923333
"ER_N=300_p=0.011990",300.000000, 300, 1077, 3.590000, 0.003183, 55.187637, 2.630183, 200.037582, 0.754583, 19, 7.140000, 2242.121338, 27, 0.913333
"ER_N=300_p=0.012040",300.000000, 298, 1062, 3.540000, -0.008135, 58.389492, 2.625638, 197.944366, 0.747865, 18, 7.020000, 2357.880615, 33, 0.893333
"ER_N=300_p=0.012090",300.000000, 300, 1161, 3.870000, -0.001114, 50.444225, 2.688724, 194.331375, 0.765156, 20, 7.693333, 2061.786621, 12, 0.963333
"ER_N=300_p=0.012140",300.000000, 300, 1096, 3.653333, 0.011820, 54.859360, 2.712783, 204.883179, 0.744115, 19, 7.226666, 2078.587646, 17, 0.946667
"ER_N=300_p=0.012191",300.000000, 300, 1120, 3.733333, 0.000380, 46.353615, 2.581800, 200.244354, 0.757969, 18, 7.416667, 2030.919067, 16, 0.950000
"ER_N=300_p=0.012241",300.000000, 300, 1071, 3.570000, 0.005268, 48.467285, 2.616775, 196.342285, 0.765000, 19, 7.050000, 2012.249146, 20, 0.936667
"ER_N=300_p=0.012291",300.000000, 300, 1100, 3.666667, 0.025827, 50.000412, 2.641184, 197.755219, 0.761927, 18, 7.270000, 2159.131348, 19, 0.940000
"ER_N=300_p=0.012341",300.000000, 300, 1053, 3.510000, -0.000390, 56.731709, 2.630000, 206.226151, 0.743958, 18, 6.943333, 1926.036377, 27, 0.913333
"ER_N=300_p=0.012391",300.000000, 300, 1097, 3.656667, 0.012388, 50.975964, 2.614064, 201.683319, 0.750104, 18, 7.273334, 2447.586182, 20, 0.936667
"ER_N=300_p=0.012441",300.000000, 300, 1097, 3.656667, 0.000962, 42.975597, 2.549291, 201.575073, 0.755781, 19, 7.266667, 1746.667603, 17, 0.946667
"ER_N=300_p=0.012492",300.000000, 300, 1149, 3.830000, -0.002545, 43.542992, 2.575661, 194.682053, 0.772187, 19, 7.580000, 2057.080322, 11, 0.966667
"ER_N=300_p=0.012542",300.000000, 300, 1092, 3.640000, 0.002992, 46.416286, 2.583007, 209.437653, 0.750417, 19, 7.226666, 1656.587036, 12, 0.963333
"ER_N=300_p=0.012592",300.000000, 299, 1134, 3.780000, -0.006296, 40.295017, 2.552494, 200.183044, 0.755521, 19, 7.503334, 1804.996704, 11, 0.966667
"ER_N=300_p=0.012642",300.000000, 300, 1147, 3.823333, 0.000856, 51.014484, 2.664101, 201.341553, 0.752448, 20, 7.566667, 1921.667236, 20, 0.936667
"ER_N=300_p=0.012692",300.000000, 300, 1167, 3.890000, 0.005914, 50.898445, 2.647807, 192.493256, 0.759063, 18, 7.703333, 2534.596436, 20, 0.936667
"ER_N=300_p=0.012742",300.000000, 300, 1163, 3.876667, 0.001328, 44.085766, 2.583329, 195.982925, 0.768333, 19, 7.703333, 2132.596680, 14, 0.956667
"ER_N=300_p=0.012793",300.000000, 300, 1189, 3.963333, 0.001182, 45.799698, 2.608566, 202.116409, 0.755677, 18, 7.873333, 2687.184814, 15, 0.953333
"ER_N=300_p=0.012843",300.000000, 300, 1139, 3.796667, -0.001298, 39.826389, 2.584390, 203.663559, 0.757917, 19, 7.546667, 2154.347168, 13, 0.960000
"ER_N=300_p=0.012893",300.000000, 300, 1179, 3.930000, -0.005886, 40.830715, 2.594075, 206.895569, 0.761094, 18, 7.810000, 2136.173584, 8, 0.976667
"ER_N=300_p=0.012943",300.000000, 300, 1152, 3.840000, 0.005591, 37.988647, 2.562407, 194.922440, 0.770573, 19, 7.606667, 2061.587158, 6, 0.983333
"ER_N=300_p=0.012993",300.000000, 300, 1161, 3.870000, 0.001464, 44.250652, 2.585936, 199.222855, 0.765208, 18, 7.656667, 2241.635742, 15, 0.953333
"ER_N=300_p=0.013043",300.000000, 300, 1207, 4.023334, -0.021137, 41.870686, 2.590209, 194.175568, 0.760625, 18, 7.966667, 2163.666260, 8, 0.976667
"ER_N=300_p=0.013094",300.000000, 300, 1153, 3.843333, 0.004750, 50.102516, 2.638963, 205.660568, 0.741042, 19, 7.626667, 2058.185059, 17, 0.946667
"ER_N=300_p=0.013144",300.000000, 300, 1189, 3.963333, -0.011928, 42.382160, 2.583779, 190.808273, 0.765312, 20, 7.873333, 2195.186523, 13, 0.960000
"ER_N=300_p=0.013194",300.000000, 300, 1159, 3.863333, -0.002406, 48.920364, 2.651307, 201.259384, 0.745729, 18, 7.666667, 2248.666992, 16, 0.950000
"ER_N=300_p=0.013244",300.000000, 300, 1102, 3.673333, 0.010734, 47.481728, 2.614654, 202.770737, 0.750208, 19, 7.303333, 2259.397705, 17, 0.946667
"ER_N=300_p=0.013294",300.000000, 300, 1240, 4.133333, -0.006081, 38.571316, 2.556857, 196.721817, 0.761354, 18, 8.193334, 2336.786133, 10, 0.970000
"ER_N=300_p=0.013344",300.000000, 300, 1205, 4.016667, 0.001149, 40.238029, 2.625446, 208.697723, 0.742552, 20, 7.963333, 2166.600098, 5, 0.986667
"ER_N=300_p=0.013395",300.000000, 300, 1193, 3.976667, -0.006628, 50.941643, 2.699572, 200.482071, 0.746615, 19, 7.896667, 2599.794922, 17, 0.946667
"ER_N=300_p=0.013445",300.000000, 300, 1165, 3.883333, -0.010270, 50.317429, 2.657326, 209.565857, 0.739375, 20, 7.706666, 2260.185791, 19, 0.940000
"ER_N=300_p=0.013495",300.000000, 300, 1199, 3.996667, 0.002696, 43.845646, 2.562530, 207.498138, 0.748906, 18, 7.930000, 2229.528809, 15, 0.953333
"ER_N=300_p=0.013545",300.000000, 300, 1201, 4.003334, -0.018113, 46.297119, 2.624948, 200.889282, 0.756927, 18, 7.923333, 2473.235596, 17, 0.946667
"ER_N=300_p=0.013595",300.000000, 300, 1231, 4.103333, 0.002638, 40.645454, 2.549351, 199.916077, 0.764635, 18, 8.143333, 2082.837158, 14, 0.956667
"ER_N=300_p=0.013645",300.000000, 300, 1215, 4.050000, 0.003591, 43.670959, 2.602761, 203.735336, 0.754167, 19, 8.036667, 2112.599121, 13, 0.960000
"ER_N=300_p=0.013696",300.000000, 300, 1251, 4.170000, 0.004740, 37.765629, 2.575122, 211.698990, 0.749896, 20, 8.286667, 2183.345215, 7, 0.980000
"ER_N=300_p=0.013746",300.000000, 300, 1271, 4.236667, -0.006628, 44.831753, 2.669232, 198.300323, 0.750677, 20, 8.370000, 2393.931396, 11, 0.966667
"ER_N=300_p=0.013796",300.000000, 300, 1206, 4.020000, -0.000769, 48.006889, 2.651553, 198.542969, 0.758906, 18, 7.990000, 2480.968018, 22, 0.930000
"ER_N=300_p=0.013846",300.000000, 300, 1218, 4.060000, 0.009082, 46.810001, 2.622596, 206.552231, 0.758177, 19, 8.033334, 2159.666504, 17, 0.946667
"ER_N=300_p=0.013896",300.000000, 300, 1231, 4.103333, -0.000937, 40.768200, 2.567148, 200.922501, 0.762187, 18, 8.143333, 2588.837402, 10, 0.970000
"ER_N=300_p=0.013946",300.000000, 300, 1268, 4.226666, -0.005720, 39.993305, 2.628546, 202.073074, 0.761458, 19, 8.380000, 2388.681396, 6, 0.983333
"ER_N=300_p=0.013997",300.000000, 300, 1300, 4.333333, 0.015606, 35.725967, 2.541900, 207.848038, 0.751510, 18, 8.543333, 2424.431152, 7, 0.980000
"ER_N=300_p=0.014047",300.000000, 300, 1284, 4.280000, 0.004066, 42.432419, 2.648789, 191.676498, 0.767865, 19, 8.480000, 2332.877930, 7, 0.980000
"ER_N=300_p=0.014097",300.000000, 300, 1252, 4.173333, -0.000605, 48.399174, 2.684000, 204.590363, 0.758646, 19, 8.296667, 2584.594727, 14, 0.956667
"ER_N=300_p=0.014147",300.000000, 300, 1275, 4.250000, 0.003473, 38.435520, 2.568100, 210.077637, 0.738333, 18, 8.450000, 2430.247803, 7, 0.980000
"ER_N=300_p=0.014197",300.000000, 300, 1389, 4.630000, -0.003313, 40.068100, 2.624188, 200.741882, 0.764323, 20, 9.186666, 2909.545166, 11, 0.966667
"ER_N=300_p=0.014247",300.000000, 300, 1241, 4.136667, -0.000900, 42.372326, 2.588657, 210.620590, 0.742708, 20, 8.200000, 2039.999146, 9, 0.973333
"ER_N=300_p=0.014298",300.000000, 300, 1272, 4.240000, -0.002252, 43.928802, 2.668799, 207.441467, 0.748438, 20, 8.363334, 2499.395996, 8, 0.976667
"ER_N=300_p=0.014348",300.000000, 299, 1291, 4.303333, -0.008121, 42.176090, 2.624330, 191.965408, 0.767344, 18, 8.523334, 2266.836914, 13, 0.960000
"ER_N=300_p=0.014398",300.000000, 300, 1338, 4.460000, -0.002730, 44.327675, 2.632426, 198.688873, 0.765625, 20, 8.853333, 2869.547363, 9, 0.973333
"ER_N=300_p=0.014448",300.000000, 300, 1334, 4.446667, -0.007402, 38.346985, 2.528517, 207.187973, 0.747292, 19, 8.803333, 2391.395264, 10, 0.970000
"ER_N=300_p=0.014498",300.000000, 300, 1304, 4.346667, -0.014734, 37.222790, 2.591902, 189.928146, 0.774010, 19, 8.613334, 2655.147949, 6, 0.983333
"ER_N=300_p=0.014548",300.000000, 300, 1334, 4.446667, 0.007145, 41.686508, 2.647408, 195.203766, 0.765781, 19, 8.813334, 2139.545410, 9, 0.973333
"ER_N=300_p=0.014599",300.000000, 300, 1378, 4.593333, -0.008335, 37.575874, 2.604731, 204.908279, 0.748125, 19, 9.100000, 2653.000244, 8, 0.976667
"ER_N=300_p=0.014649",300.000000, 300, 1304, 4.346667, -0.009466, 40.584240, 2.562635, 196.330582, 0.758177, 18, 8.656667, 2623.635742, 15, 0.953333
"ER_N=300_p=0.014699",300.000000, 300, 1329, 4.430000, 0.008506, 35.070694, 2.478168, 203.991577, 0.755885, 19, 8.783334, 2488.913818, 9, 0.973333
"ER_N=300_p=0.014749",300.000000, 300, 1342, 4.473333, 0.010899, 34.210888, 2.540306, 203.308716, 0.762604, 19, 8.880000, 2057.680908, 6, 0.983333
"ER_N=300_p=0.014799",300.000000, 300, 1327, 4.423333, 0.011786, 41.615276, 2.620843, 203.822266, 0.757552, 18, 8.753333, 2537.745361, 10, 0.970000
"ER_N=300_p=0.014849",300.000000, 300, 1301, 4.336667, -0.002647, 38.251152, 2.574706, 199.950150, 0.759323, 20, 8.633333, 2435.666016, 6, 0.983333
"ER_N=300_p=0.014900",300.000000, 300, 1353, 4.510000, 0.007093, 37.221977, 2.588479, 196.631195, 0.768021, 18, 8.926666, 2542.390869, 7, 0.980000
"ER_N=300_p=0.014950",300.000000, 300, 1397, 4.656667, -0.019341, 40.353806, 2.593668, 193.401382, 0.772708, 18, 9.223333, 2868.038086, 11, 0.966667
"ER_N=300_p=0.015000",300.000000, 300, 1372, 4.573333, 0.007456, 31.588379, 2.498587, 206.180527, 0.761510, 17, 9.063334, 2665.797363, 5, 0.986667
"ER_N=300_p=0.015050",300.000000, 300, 1357, 4.523334, 0.007869, 39.056904, 2.554499, 213.532104, 0.748021, 18, 8.980000, 2691.880127, 13, 0.960000
"ER_N=300_p=0.015100",300.000000, 300, 1343, 4.476666, -0.014091, 35.964260, 2.580981, 202.423111, 0.756927, 18, 8.890000, 2575.369141, 7, 0.980000
"ER_N=300_p=0.015151",300.000000, 300, 1372, 4.573333, 0.001466, 37.284004, 2.581835, 194.933502, 0.766719, 19, 9.060000, 2490.919678, 8, 0.976667
"ER_N=300_p=0.015201",300.000000, 300, 1385, 4.616667, -0.003042, 36.272038, 2.538525, 198.262253, 0.762031, 19, 9.143333, 2702.836426, 6, 0.983333
"ER_N=300_p=0.015251",300.000000, 300, 1322, 4.406667, -0.002756, 36.289413, 2.532220, 204.982483, 0.755521, 19, 8.736667, 2684.197754, 7, 0.980000
"ER_N=300_p=0.015301",300.000000, 300, 1365, 4.550000, 0.001046, 37.750385, 2.568497, 201.389862, 0.755833, 18, 9.030000, 2814.728760, 4, 0.990000
"ER_N=300_p=0.015351",300.000000, 300, 1380, 4.600000, 0.002013, 43.147945, 2.667551, 202.799911, 0.761354, 19, 9.130000, 2939.924072, 11, 0.966667
"ER_N=300_p=0.015401",300.000000, 300, 1346, 4.486667, 0.000888, 41.228863, 2.614821, 197.655518, 0.763958, 19, 8.866667, 2452.667480, 10, 0.970000
"ER_N=300_p=0.015452",300.000000, 300, 1347, 4.490000, -0.003263, 32.252960, 2.504142, 194.257507, 0.779792, 19, 8.883333, 2104.917969, 4, 0.990000
"ER_N=300_p=0.015502",300.000000, 300, 1399, 4.663333, 0.002692, 38.826263, 2.583983, 197.933136, 0.752031, 19, 9.280000, 2576.480469, 7, 0.980000
"ER_N=300_p=0.015552",300.000000, 300, 1426, 4.753334, -0.003491, 37.672600, 2.598925, 199.204498, 0.757917, 20, 9.433333, 2929.666504, 8, 0.976667
"ER_N=300_p=0.015602",300.000000, 300, 1340, 4.466667, 0.008435, 34.766949, 2.544765, 203.219406, 0.764531, 19, 8.836667, 2660.993164, 5, 0.986667
"ER_N=300_p=0.015652",300.000000, 300, 1363, 4.543334, -0.001882, 39.644470, 2.603304, 184.996231, 0.775937, 19, 9.010000, 2666.968506, 7, 0.980000
"ER_N=300_p=0.015702",300.000000, 300, 1382, 4.606667, -0.004789, 33.755428, 2.538960, 198.897095, 0.773542, 17, 9.126667, 2643.184570, 6, 0.983333
"ER_N=300_p=0.015753",300.000000, 300, 1421, 4.736667, 0.005103, 28.957150, 2.475858, 205.994339, 0.763750, 20, 9.386666, 2573.147705, 3, 0.993333
"ER_N=300_p=0.015803",300.000000, 300, 1436, 4.786667, -0.011237, 33.417904, 2.577396, 203.410751, 0.770208, 19, 9.490000, 2754.969482, 5, 0.986667
"ER_N=300_p=0.015853",300.000000, 300, 1436, 4.786667, -0.006127, 35.194065, 2.555034, 202.556564, 0.768854, 17, 9.506667, 2616.985840, 2, 0.996667
"ER_N=300_p=0.015903",300.000000, 300, 1444, 4.813334, 0.012085, 33.780178, 2.540333, 207.512344, 0.755260, 19, 9.520000, 3044.879883, 5, 0.986667
"ER_N=300_p=0.015953",300.000000, 300, 1465, 4.883333, -0.002931, 31.360342, 2.510689, 207.358917, 0.762865, 19, 9.713333, 2391.343506, 5, 0.986667
"ER_N=300_p=0.016003",300.000000, 300, 1491, 4.970000, -0.002016, 31.891254, 2.494558, 203.419968, 0.763333, 19, 9.863334, 2573.397461, 4, 0.990000
"ER_N=300_p=0.016054",300.000000, 300, 1433, 4.776667, 0.001089, 31.310362, 2.515826, 193.289566, 0.767344, 17, 9.466666, 2818.665283, 1, 1.000000
"ER_N=300_p=0.016104",300.000000, 300, 1490, 4.966667, -0.010321, 39.576035, 2.599589, 200.033112, 0.764271, 19, 9.866667, 2772.668213, 8, 0.976667
"ER_N=300_p=0.016154",300.000000, 300, 1428, 4.760000, -0.003060, 33.095776, 2.526407, 199.069077, 0.775000, 17, 9.443334, 2550.036621, 5, 0.986667
"ER_N=300_p=0.016204",300.000000, 300, 1505, 5.016667, -0.008491, 31.375513, 2.487517, 195.040634, 0.771302, 17, 9.893333, 2694.586426, 3, 0.993333
"ER_N=300_p=0.016254",300.000000, 299, 1458, 4.860000, 0.000904, 30.220074, 2.512575, 198.113251, 0.763073, 19, 9.600000, 3058.001709, 4, 0.990000
"ER_N=300_p=0.016304",300.000000, 300, 1445, 4.816667, -0.001150, 33.813507, 2.510188, 194.978256, 0.778177, 19, 9.530000, 2948.732666, 7, 0.980000
"ER_N=300_p=0.016355",300.000000, 300, 1469, 4.896667, 0.001968, 35.100071, 2.520836, 199.015106, 0.771875, 20, 9.690000, 2870.171387, 9, 0.973333
"ER_N=300_p=0.016405",300.000000, 300, 1419, 4.730000, 0.011652, 37.877441, 2.620753, 200.647415, 0.758438, 20, 9.350000, 2666.252197, 6, 0.983333
"ER_N=300_p=0.016455",300.000000, 300, 1529, 5.096667, 0.014625, 38.290127, 2.631489, 203.914902, 0.757031, 19, 10.093333, 3221.388916, 7, 0.980000
"ER_N=300_p=0.016505",300.000000, 300, 1510, 5.033333, -0.006141, 36.130337, 2.589371, 183.653656, 0.781510, 18, 9.950000, 2896.249268, 5, 0.986667
"ER_N=300_p=0.016555",300.000000, 300, 1496, 4.986667, 0.010812, 35.915154, 2.571874, 205.190842, 0.762708, 19, 9.883333, 2490.915039, 5, 0.986667
"ER_N=300_p=0.016605",300.000000, 300, 1466, 4.886667, -0.000548, 31.406441, 2.478012, 198.279053, 0.763125, 17, 9.680000, 3003.277100, 7, 0.980000
"ER_N=300_p=0.016656",300.000000, 300, 1488, 4.960000, -0.005338, 35.264771, 2.549927, 197.933044, 0.772448, 17, 9.826667, 2708.983887, 5, 0.986667
"ER_N=300_p=0.016706",300.000000, 300, 1508, 5.026667, -0.011704, 34.467010, 2.559785, 201.771439, 0.766615, 18, 9.930000, 2753.532227, 6, 0.983333
"ER_N=300_p=0.016756",300.000000, 299, 1498, 4.993333, 0.012671, 30.795645, 2.487602, 200.445740, 0.775469, 16, 9.856667, 2756.838623, 6, 0.983333
"ER_N=300_p=0.016806",300.000000, 300, 1488, 4.960000, -0.000819, 30.579931, 2.496733, 206.482666, 0.771875, 18, 9.833333, 2555.666260, 3, 0.993333
"ER_N=300_p=0.016856",300.000000, 300, 1580, 5.266667, 0.002734, 36.844185, 2.594630, 198.009323, 0.770781, 20, 10.420000, 3003.081055, 4, 0.990000
"ER_N=300_p=0.016906",300.000000, 300, 1543, 5.143333, -0.003805, 29.624718, 2.492040, 194.933029, 0.774375, 19, 10.183333, 2594.916992, 3, 0.993333
"ER_N=300_p=0.016957",300.000000, 300, 1594, 5.313334, 0.003977, 30.898020, 2.531518, 198.886475, 0.768281, 18, 10.490000, 3316.969727, 3, 0.993333
"ER_N=300_p=0.017007",300.000000, 300, 1553, 5.176667, 0.005451, 31.426329, 2.499285, 201.997009, 0.760365, 19, 10.260000, 3641.720215, 5, 0.986667
"ER_N=300_p=0.017057",300.000000, 300, 1586, 5.286667, 0.002249, 35.906483, 2.562835, 202.981232, 0.762240, 18, 10.423333, 3033.235840, 6, 0.983333
"ER_N=300_p=0.017107",300.000000, 300, 1568, 5.226666, 0.002795, 35.080059, 2.553805, 201.191498, 0.774583, 18, 10.386666, 3003.148438, 5, 0.986667
"ER_N=300_p=0.017157",300.000000, 300, 1553, 5.176667, -0.000571, 28.185991, 2.479754, 190.389984, 0.784167, 18, 10.260000, 2919.722412, 3, 0.993333
"ER_N=300_p=0.017207",300.000000, 300, 1525, 5.083333, -0.004027, 32.557755, 2.497519, 205.319366, 0.758490, 19, 10.036667, 3384.601318, 7, 0.980000
"ER_N=300_p=0.017258",300.000000, 300, 1543, 5.143333, 0.010849, 35.918514, 2.562720, 197.490051, 0.767292, 18, 10.153334, 3006.947021, 2, 0.996667
"ER_N=300_p=0.017308",300.000000, 300, 1548, 5.160000, -0.000398, 29.667597, 2.481040, 193.441879, 0.778021, 19, 10.200000, 3187.998535, 5, 0.986667
"ER_N=300_p=0.017358",300.000000, 300, 1503, 5.010000, -0.001272, 34.721409, 2.590770, 197.547852, 0.765312, 18, 9.933333, 2638.665527, 4, 0.990000
"ER_N=300_p=0.017408",300.000000, 300, 1590, 5.300000, -0.002056, 34.033932, 2.540252, 199.531387, 0.756302, 18, 10.466666, 3314.666016, 6, 0.983333
"ER_N=300_p=0.017458",300.000000, 300, 1549, 5.163333, 0.011644, 33.275795, 2.524624, 196.247604, 0.771146, 19, 10.270000, 3215.132324, 6, 0.983333
"ER_N=300_p=0.017508",300.000000, 300, 1583, 5.276667, 0.003720, 29.200750, 2.507541, 196.369141, 0.773125, 18, 10.460000, 3176.517578, 6, 0.983333
"ER_N=300_p=0.017559",300.000000, 300, 1586, 5.286667, -0.001290, 30.390972, 2.508710, 198.737518, 0.768281, 19, 10.480000, 3284.878662, 4, 0.990000
"ER_N=300_p=0.017609",300.000000, 300, 1593, 5.310000, -0.002045, 31.637047, 2.525989, 193.062424, 0.769635, 19, 10.550000, 3538.248779, 4, 0.990000
"ER_N=300_p=0.017659",300.000000, 300, 1593, 5.310000, 0.010798, 28.987843, 2.492096, 205.420410, 0.774010, 18, 10.503333, 2978.995361, 2, 0.996667
"ER_N=300_p=0.017709",300.000000, 300, 1611, 5.370000, 0.007584, 33.738991, 2.569950, 202.766983, 0.758646, 18, 10.616667, 3252.918213, 3, 0.993333
"ER_N=300_p=0.017759",300.000000, 300, 1563, 5.210000, -0.010835, 35.767067, 2.564968, 206.742783, 0.749219, 20, 10.353333, 3618.543457, 6, 0.983333
"ER_N=300_p=0.017809",300.000000, 300, 1645, 5.483333, -0.000340, 26.837603, 2.445812, 197.626587, 0.782083, 18, 10.863334, 2811.398682, 2, 0.996667
"ER_N=300_p=0.017860",300.000000, 300, 1573, 5.243333, 0.000199, 39.537033, 2.598057, 196.715927, 0.773490, 19, 10.360000, 2877.119629, 9, 0.973333
"ER_N=300_p=0.017910",300.000000, 300, 1662, 5.540000, -0.005526, 27.067081, 2.473537, 203.194763, 0.773073, 17, 10.973333, 3217.786621, 2, 0.996667
"ER_N=300_p=0.017960",300.000000, 300, 1564, 5.213333, -0.006234, 32.435474, 2.536388, 205.407883, 0.759115, 18, 10.290000, 3091.769531, 5, 0.986667
"ER_N=300_p=0.018010",300.000000, 300, 1582, 5.273334, -0.003195, 33.785851, 2.554731, 200.630539, 0.773073, 18, 10.383333, 3162.915771, 4, 0.990000
"ER_N=300_p=0.018060",300.000000, 300, 1610, 5.366667, 0.006228, 34.307850, 2.547017, 206.741211, 0.755990, 18, 10.593333, 3068.386719, 2, 0.996667
"ER_N=300_p=0.018110",300.000000, 300, 1584, 5.280000, 0.002630, 29.605095, 2.484497, 200.111710, 0.767604, 16, 10.453333, 3052.346924, 1, 1.000000
"ER_N=300_p=0.018161",300.000000, 300, 1694, 5.646667, 0.004885, 27.155630, 2.478494, 202.123550, 0.774010, 18, 11.170000, 3286.330078, 4, 0.990000
"ER_N=300_p=0.018211",300.000000, 300, 1611, 5.370000, 0.010811, 33.872971, 2.531452, 202.008179, 0.768542, 18, 10.620000, 3854.680908, 7, 0.980000
"ER_N=300_p=0.018261",300.000000, 300, 1661, 5.536667, 0.000954, 32.803890, 2.566109, 203.246246, 0.768542, 20, 10.983334, 3194.916748, 4, 0.990000
"ER_N=300_p=0.018311",300.000000, 300, 1626, 5.420000, -0.002904, 32.967064, 2.525558, 194.791901, 0.780312, 19, 10.773334, 2804.586182, 5, 0.986667
"ER_N=300_p=0.018361",300.000000, 300, 1667, 5.556667, -0.008985, 27.322899, 2.478347, 198.911560, 0.777760, 19, 10.996667, 3126.996094, 4, 0.990000
"ER_N=300_p=0.018411",300.000000, 300, 1590, 5.300000, -0.000223, 30.925220, 2.494697, 200.983170, 0.765625, 18, 10.476666, 3110.837158, 3, 0.993333
"ER_N=300_p=0.018462",300.000000, 300, 1664, 5.546667, -0.000582, 31.736074, 2.502023, 202.196533, 0.780833, 19, 10.903334, 2866.195557, 4, 0.990000
"ER_N=300_p=0.018512",300.000000, 300, 1641, 5.470000, -0.001323, 33.029060, 2.556632, 196.686142, 0.780104, 20, 10.833333, 2779.665771, 6, 0.983333
"ER_N=300_p=0.018562",300.000000, 300, 1683, 5.610000, -0.004807, 25.211733, 2.423772, 202.840073, 0.777396, 17, 11.103333, 3187.794189, 2, 0.996667
"ER_N=300_p=0.018612",300.000000, 300, 1645, 5.483333, -0.002045, 32.778709, 2.527603, 200.556946, 0.766563, 18, 10.866667, 3130.667236, 5, 0.986667
"ER_N=300_p=0.018662",300.000000, 300, 1589, 5.296667, 0.002402, 32.794792, 2.526980, 207.279861, 0.762552, 18, 10.473333, 3072.787598, 3, 0.993333
"ER_N=300_p=0.018712",300.000000, 300, 1614, 5.380000, -0.005862, 33.813988, 2.533352, 190.726425, 0.778698, 19, 10.636666, 3039.395752, 5, 0.986667
"ER_N=300_p=0.018763",300.000000, 300, 1639, 5.463333, -0.010762, 28.009476, 2.485004, 195.045273, 0.774948, 19, 10.763333, 2900.196777, 3, 0.993333
"ER_N=300_p=0.018813",300.000000, 300, 1683, 5.610000, 0.002414, 30.942888, 2.526066, 199.575470, 0.767865, 18, 11.130000, 3281.922363, 3, 0.993333
"ER_N=300_p=0.018863",300.000000, 300, 1772, 5.906667, -0.002800, 28.450748, 2.509545, 207.286438, 0.771094, 18, 11.720000, 3526.479736, 2, 0.996667
"ER_N=300_p=0.018913",300.000000, 300, 1747, 5.823333, -0.002298, 27.754469, 2.478355, 199.025970, 0.774740, 17, 11.513333, 3596.948975, 1, 1.000000
"ER_N=300_p=0.018963",300.000000, 300, 1664, 5.546667, -0.000682, 28.550682, 2.485302, 205.303940, 0.770104, 19, 11.023334, 3408.838379, 3, 0.993333
"ER_N=300_p=0.019013",300.000000, 300, 1634, 5.446667, -0.006107, 28.742401, 2.475232, 196.842072, 0.774688, 18, 10.770000, 3003.130371, 2, 0.996667
"ER_N=300_p=0.019064",300.000000, 300, 1701, 5.670000, 0.005942, 29.748659, 2.483187, 198.648392, 0.781927, 19, 11.186666, 3233.546387, 3, 0.993333
"ER_N=300_p=0.019114",300.000000, 300, 1753, 5.843333, -0.007255, 28.578478, 2.494168, 194.304001, 0.777292, 18, 11.546667, 3750.346436, 3, 0.993333
"ER_N=300_p=0.019164",300.000000, 300, 1735, 5.783333, -0.009517, 27.286476, 2.459366, 195.851547, 0.779063, 17, 11.423333, 3139.234375, 2, 0.996667
"ER_N=300_p=0.019214",300.000000, 300, 1740, 5.800000, 0.010463, 28.106958, 2.471289, 195.737564, 0.781927, 17, 11.476666, 3292.837891, 4, 0.990000
"ER_N=300_p=0.019264",300.000000, 300, 1749, 5.830000, 0.002131, 32.993752, 2.565518, 199.801132, 0.784792, 20, 11.486667, 3296.944336, 5, 0.986667
"ER_N=300_p=0.019314",300.000000, 300, 1791, 5.970000, 0.013492, 33.764160, 2.564415, 198.989670, 0.775156, 19, 11.793333, 3267.190186, 6, 0.983333
"ER_N=300_p=0.019365",300.000000, 300, 1805, 6.016667, 0.005623, 26.409035, 2.435770, 193.778015, 0.784531, 17, 11.913333, 4239.752441, 4, 0.990000
"ER_N=300_p=0.019415",300.000000, 300, 1665, 5.550000, 0.001026, 30.010595, 2.520958, 204.599319, 0.766615, 17, 10.976666, 3164.837891, 3, 0.993333
"ER_N=300_p=0.019465",300.000000, 300, 1757, 5.856667, -0.007496, 31.076946, 2.502724, 196.639008, 0.776146, 18, 11.583333, 3380.912842, 4, 0.990000
"ER_N=300_p=0.019515",300.000000, 300, 1717, 5.723333, -0.009684, 27.504503, 2.470190, 200.098495, 0.775365, 17, 11.313334, 3678.546631, 2, 0.996667
"ER_N=300_p=0.019565",300.000000, 300, 1804, 6.013333, -0.001107, 28.647099, 2.503109, 207.191055, 0.765677, 18, 11.886666, 3432.145996, 2, 0.996667
"ER_N=300_p=0.019615",300.000000, 300, 1747, 5.823333, -0.001441, 27.683155, 2.479275, 200.042313, 0.778646, 18, 11.516666, 2934.917969, 3, 0.993333
"ER_N=300_p=0.019666",300.000000, 300, 1779, 5.930000, -0.005326, 25.955793, 2.406293, 201.922684, 0.776875, 16, 11.706667, 3136.180420, 3, 0.993333
"ER_N=300_p=0.019716",300.000000, 300, 1749, 5.830000, -0.004252, 29.785868, 2.484811, 191.062866, 0.792760, 17, 11.540000, 3562.519287, 4, 0.990000
"ER_N=300_p=0.019766",300.000000, 300, 1770, 5.900000, -0.001027, 25.249033, 2.415168, 201.168472, 0.767604, 18, 11.650000, 3678.251709, 3, 0.993333
"ER_N=300_p=0.019816",300.000000, 300, 1787, 5.956666, 0.007452, 28.047031, 2.433176, 203.928162, 0.774635, 18, 11.796667, 3458.596191, 5, 0.986667
"ER_N=300_p=0.019866",300.000000, 300, 1799, 5.996666, -0.002415, 26.782064, 2.456415, 200.489792, 0.773594, 17, 11.833333, 3781.663818, 3, 0.993333
"ER_N=300_p=0.019916",300.000000, 300, 1760, 5.866667, 0.007506, 28.295675, 2.495906, 190.698761, 0.786146, 19, 11.603333, 3779.791748, 2, 0.996667
"ER_N=300_p=0.019967",300.000000, 300, 1749, 5.830000, -0.006093, 28.598488, 2.516617, 187.530411, 0.787083, 17, 11.536667, 3178.597168, 1, 1.000000
"ER_N=300_p=0.020017",300.000000, 300, 1826, 6.086667, -0.007931, 26.608265, 2.429746, 189.055435, 0.782135, 18, 12.020000, 3683.880371, 3, 0.993333
"ER_N=300_p=0.020067",300.000000, 300, 1837, 6.123333, 0.011537, 23.628658, 2.397822, 190.673431, 0.792656, 18, 12.086667, 3555.754883, 2, 0.996667
"ER_N=300_p=0.020117",300.000000, 300, 1806, 6.020000, 0.007307, 26.717255, 2.448317, 203.576981, 0.782969, 19, 11.896667, 3025.795166, 2, 0.996667
"ER_N=300_p=0.020167",300.000000, 300, 1779, 5.930000, 0.008689, 26.741476, 2.464489, 204.284973, 0.778854, 17, 11.730000, 3159.131592, 1, 1.000000
"ER_N=300_p=0.020217",300.000000, 300, 1868, 6.226666, -0.001036, 29.259895, 2.466007, 201.863464, 0.774010, 20, 12.280000, 3460.480713, 4, 0.990000
"ER_N=300_p=0.020268",300.000000, 300, 1834, 6.113333, 0.007351, 28.232479, 2.476678, 198.887543, 0.781198, 17, 12.023334, 3344.837158, 1, 1.000000
"ER_N=300_p=0.020318",300.000000, 300, 1859, 6.196667, 0.004089, 26.969774, 2.461441, 206.331757, 0.765833, 18, 12.266666, 3502.666016, 1, 1.000000
"ER_N=300_p=0.020368",300.000000, 300, 1882, 6.273334, 0.004557, 25.776407, 2.448860, 200.841385, 0.783594, 17, 12.396667, 3301.793945, 1, 1.000000
"ER_N=300_p=0.020418",300.000000, 300, 1864, 6.213333, 0.003004, 28.534807, 2.484900, 198.970901, 0.779323, 17, 12.290000, 3395.768555, 2, 0.996667
"ER_N=300_p=0.020468",300.000000, 300, 1844, 6.146667, 0.002172, 24.360117, 2.446979, 198.409195, 0.791927, 17, 12.123333, 3208.436768, 1, 1.000000
"ER_N=300_p=0.020518",300.000000, 300, 1789, 5.963333, -0.002455, 24.557074, 2.410352, 189.035446, 0.791823, 16, 11.773334, 3046.586426, 1, 1.000000
"ER_N=300_p=0.020569",300.000000, 300, 1896, 6.320000, -0.007516, 24.475758, 2.405410, 198.008484, 0.784740, 15, 12.496667, 3380.996582, 2, 0.996667
"ER_N=300_p=0.020619",300.000000, 300, 1838, 6.126667, 0.000264, 28.242188, 2.470293, 197.412720, 0.767552, 19, 12.076667, 4169.233398, 3, 0.993333
"ER_N=300_p=0.020669",300.000000, 300, 1823, 6.076667, -0.008324, 28.709093, 2.487507, 197.039276, 0.783021, 19, 12.023334, 3358.836182, 3, 0.993333
"ER_N=300_p=0.020719",300.000000, 300, 1843, 6.143333, -0.001507, 27.443979, 2.468615, 199.805801, 0.775521, 18, 12.173333, 4148.986328, 3, 0.993333
"ER_N=300_p=0.020769",300.000000, 300, 1876, 6.253334, -0.000215, 27.759830, 2.478166, 188.857956, 0.785052, 17, 12.376667, 3862.435059, 2, 0.996667
"ER_N=300_p=0.020819",300.000000, 300, 1793, 5.976666, -0.001379, 26.386858, 2.443333, 196.644897, 0.786927, 18, 11.826667, 3122.984131, 3, 0.993333
"ER_N=300_p=0.020870",300.000000, 300, 1847, 6.156667, 0.008176, 26.872101, 2.430082, 198.246246, 0.782292, 17, 12.170000, 3834.329834, 2, 0.996667
"ER_N=300_p=0.020920",300.000000, 300, 1907, 6.356667, -0.002923, 25.762424, 2.454949, 201.864120, 0.779271, 17, 12.593333, 3234.387207, 1, 1.000000
"ER_N=300_p=0.020970",300.000000, 300, 1918, 6.393333, -0.003424, 24.048172, 2.396234, 206.788986, 0.778958, 17, 12.666667, 3384.663330, 3, 0.993333
"ER_N=300_p=0.021020",300.000000, 300, 1862, 6.206666, 0.004488, 28.906824, 2.506619, 203.587219, 0.782292, 18, 12.280000, 3428.478760, 4, 0.990000
"ER_N=300_p=0.021070",300.000000, 300, 1932, 6.440000, -0.000614, 26.207693, 2.464601, 205.197937, 0.768646, 19, 12.676666, 4189.631348, 2, 0.996667
"ER_N=300_p=0.021120",300.000000, 300, 1912, 6.373333, 0.008782, 25.874817, 2.422011, 205.014725, 0.777292, 16, 12.593333, 3796.386963, 1, 1.000000
"ER_N=300_p=0.021171",300.000000, 300, 1843, 6.143333, -0.004271, 25.039709, 2.443139, 197.944138, 0.772083, 17, 12.150000, 3772.251953, 2, 0.996667
"ER_N=300_p=0.021221",300.000000, 300, 1898, 6.326667, -0.003794, 28.239351, 2.508006, 206.032516, 0.774115, 18, 12.530000, 3290.732178, 1, 1.000000
"ER_N=300_p=0.021271",300.000000, 300, 1845, 6.150000, -0.005032, 28.806780, 2.482646, 197.370499, 0.776406, 19, 12.100000, 3351.001953, 4, 0.990000
"ER_N=300_p=0.021321",300.000000, 300, 1910, 6.366667, 0.002704, 26.336853, 2.471169, 194.427429, 0.786563, 16, 12.573334, 3385.386963, 1, 1.000000
"ER_N=300_p=0.021371",300.000000, 300, 1890, 6.300000, -0.001007, 30.057585, 2.498374, 189.269669, 0.787812, 18, 12.433333, 3763.666016, 2, 0.996667
"ER_N=300_p=0.021421",300.000000, 300, 1923, 6.410000, 0.001887, 24.041323, 2.434600, 207.516495, 0.778750, 17, 12.640000, 3299.119141, 1, 1.000000
"ER_N=300_p=0.021472",300.000000, 300, 1883, 6.276667, 0.001055, 25.543766, 2.429971, 196.618637, 0.786198, 17, 12.330000, 3414.330322, 1, 1.000000
"ER_N=300_p=0.021522",300.000000, 300, 1962, 6.540000, -0.005625, 26.161085, 2.451400, 197.932007, 0.773490, 17, 12.936666, 4013.796143, 3, 0.993333
"ER_N=300_p=0.021572",300.000000, 300, 1950, 6.500000, 0.005978, 28.256868, 2.469940, 197.421921, 0.785365, 18, 12.853333, 3851.548828, 2, 0.996667
"ER_N=300_p=0.021622",300.000000, 300, 1982, 6.606667, -0.001508, 23.998018, 2.420594, 195.179550, 0.791302, 15, 12.983334, 3702.915771, 1, 1.000000
"ER_N=300_p=0.021672",300.000000, 300, 1886, 6.286667, 0.005477, 22.514568, 2.345500, 195.667374, 0.789427, 17, 12.370000, 3345.935059, 2, 0.996667
"ER_N=300_p=0.021722",300.000000, 300, 1970, 6.566667, 0.000064, 22.111912, 2.355355, 203.467392, 0.779219, 16, 12.906667, 3759.386963, 1, 1.000000
"ER_N=300_p=0.021773",300.000000, 300, 1987, 6.623333, -0.003856, 24.347052, 2.428253, 201.507828, 0.780990, 18, 13.090000, 3614.568604, 2, 0.996667
"ER_N=300_p=0.021823",300.000000, 300, 1934, 6.446667, 0.000218, 24.464233, 2.412076, 199.233994, 0.783073, 16, 12.683333, 3126.915771, 1, 1.000000
"ER_N=300_p=0.021873",300.000000, 300, 1942, 6.473333, -0.004612, 27.446619, 2.478149, 193.686386, 0.782500, 16, 12.773334, 3432.585938, 3, 0.993333
"ER_N=300_p=0.021923",300.000000, 300, 2001, 6.670000, -0.002262, 29.544302, 2.468055, 199.259857, 0.770417, 18, 13.150000, 3502.252197, 3, 0.993333
"ER_N=300_p=0.021973",300.000000, 300, 2005, 6.683333, 0.002777, 21.689590, 2.365155, 201.834229, 0.786771, 16, 13.183333, 3638.916992, 1, 1.000000
"ER_N=300_p=0.022023",300.000000, 300, 2004, 6.680000, 0.007370, 23.749920, 2.406865, 197.402893, 0.792135, 18, 13.223333, 3416.037598, 2, 0.996667
"ER_N=300_p=0.022074",300.000000, 300, 1926, 6.420000, -0.003302, 24.609159, 2.448948, 194.889450, 0.787708, 17, 12.680000, 3593.280518, 2, 0.996667
"ER_N=300_p=0.022124",300.000000, 300, 1966, 6.553333, -0.004758, 25.887316, 2.417874, 190.272064, 0.789740, 17, 12.933333, 3702.664795, 2, 0.996667
"ER_N=300_p=0.022174",300.000000, 300, 2016, 6.720000, 0.000070, 26.886251, 2.427469, 189.594009, 0.788958, 19, 13.290000, 3777.767334, 3, 0.993333
"ER_N=300_p=0.022224",300.000000, 300, 1949, 6.496666, 0.005671, 24.337011, 2.410529, 207.287643, 0.778125, 18, 12.890000, 4119.369141, 2, 0.996667
"ER_N=300_p=0.022274",300.000000, 300, 1993, 6.643333, -0.003005, 22.146667, 2.378446, 197.293121, 0.786771, 16, 13.080000, 3794.080078, 1, 1.000000
"ER_N=300_p=0.022324",300.000000, 300, 1973, 6.576667, -0.004788, 24.073385, 2.430447, 200.049545, 0.777292, 16, 12.960000, 3421.523193, 1, 1.000000
"ER_N=300_p=0.022375",300.000000, 300, 2060, 6.866667, -0.003396, 21.369619, 2.356979, 198.181412, 0.779844, 15, 13.530000, 3878.731934, 1, 1.000000
"ER_N=300_p=0.022425",300.000000, 300, 1992, 6.640000, 0.010569, 28.183081, 2.500995, 193.967834, 0.787188, 18, 13.166667, 4075.664307, 3, 0.993333
"ER_N=300_p=0.022475",300.000000, 300, 2042, 6.806667, 0.005656, 24.121271, 2.415128, 204.238754, 0.782396, 18, 13.436666, 3827.797852, 2, 0.996667
"ER_N=300_p=0.022525",300.000000, 300, 1963, 6.543334, 0.001381, 23.651608, 2.375813, 188.777847, 0.800781, 16, 12.916667, 3392.915283, 3, 0.993333
"ER_N=300_p=0.022575",300.000000, 300, 1968, 6.560000, -0.002060, 24.547487, 2.432844, 205.062759, 0.783490, 17, 12.933333, 3606.666504, 1, 1.000000
"ER_N=300_p=0.022625",300.000000, 300, 2049, 6.830000, -0.002623, 28.397934, 2.520701, 197.468918, 0.783437, 20, 13.463333, 3956.595947, 3, 0.993333
"ER_N=300_p=0.022676",300.000000, 300, 2073, 6.910000, -0.004996, 26.107689, 2.435175, 190.868393, 0.790677, 16, 13.580000, 3617.082031, 1, 1.000000
"ER_N=300_p=0.022726",300.000000, 300, 2082, 6.940000, -0.010504, 20.752340, 2.360456, 189.828201, 0.800417, 16, 13.743333, 3829.234863, 1, 1.000000
"ER_N=300_p=0.022776",300.000000, 300, 2075, 6.916667, -0.005297, 23.640018, 2.396291, 191.954391, 0.793958, 16, 13.643333, 3324.833496, 1, 1.000000
"ER_N=300_p=0.022826",300.000000, 300, 2113, 7.043334, -0.006817, 24.870714, 2.415018, 200.672409, 0.783750, 18, 13.890000, 4353.370117, 2, 0.996667
"ER_N=300_p=0.022876",300.000000, 300, 2062, 6.873333, -0.005925, 22.489925, 2.273161, 200.046555, 0.790052, 17, 13.553333, 4084.144775, 2, 0.996667
"ER_N=300_p=0.022926",300.000000, 300, 2080, 6.933333, 0.002363, 23.378592, 2.399524, 199.025650, 0.794792, 17, 13.683333, 3736.915283, 2, 0.996667
"ER_N=300_p=0.022977",300.000000, 300, 2102, 7.006667, 0.003461, 23.763395, 2.400971, 194.714462, 0.791406, 16, 13.833333, 4019.663818, 1, 1.000000
"ER_N=300_p=0.023027",300.000000, 300, 2031, 6.770000, -0.000753, 27.471872, 2.453681, 200.562790, 0.781615, 18, 13.313334, 4088.545410, 2, 0.996667
"ER_N=300_p=0.023077",300.000000, 300, 2026, 6.753334, 0.005153, 25.394560, 2.434777, 200.948517, 0.778750, 18, 13.356667, 3846.833252, 1, 1.000000
"ER_N=300_p=0.023127",300.000000, 300, 1912, 6.373333, 0.002918, 25.521271, 2.431495, 206.069122, 0.770625, 16, 12.600000, 4202.000000, 1, 1.000000
"ER_N=300_p=0.023177",300.000000, 300, 2113, 7.043334, -0.008986, 22.589567, 2.357173, 190.373810, 0.801354, 17, 13.913333, 4135.753906, 1, 1.000000
"ER_N=300_p=0.023227",300.000000, 300, 2132, 7.106667, 0.002232, 23.620033, 2.400054, 196.907715, 0.783594, 18, 14.006667, 4369.985840, 2, 0.996667
"ER_N=300_p=0.023278",300.000000, 300, 2074, 6.913333, -0.002312, 21.528202, 2.337238, 191.082397, 0.800156, 17, 13.700000, 4164.997559, 2, 0.996667
"ER_N=300_p=0.023328",300.000000, 300, 2098, 6.993333, -0.004944, 25.108355, 2.403821, 196.090759, 0.777656, 18, 13.830000, 4108.329102, 2, 0.996667
"ER_N=300_p=0.023378",300.000000, 300, 2103, 7.010000, 0.003940, 24.502172, 2.402983, 199.523499, 0.795521, 18, 13.903334, 3768.194336, 3, 0.993333
"ER_N=300_p=0.023428",300.000000, 300, 2069, 6.896667, -0.000482, 23.450108, 2.383525, 195.570160, 0.798281, 17, 13.620000, 3714.680420, 3, 0.993333
"ER_N=300_p=0.023478",300.000000, 300, 2131, 7.103333, 0.005113, 22.387533, 2.387951, 199.838440, 0.786563, 16, 14.010000, 3798.967285, 1, 1.000000
"ER_N=300_p=0.023528",300.000000, 300, 2098, 6.993333, -0.004283, 22.981443, 2.405488, 200.406372, 0.789948, 16, 13.816667, 3430.918945, 1, 1.000000
"ER_N=300_p=0.023579",300.000000, 300, 2052, 6.840000, 0.000505, 20.288248, 2.345692, 199.218887, 0.783698, 17, 13.486667, 4176.947754, 1, 1.000000
"ER_N=300_p=0.023629",300.000000, 300, 2190, 7.300000, 0.006120, 20.728128, 2.333020, 198.125595, 0.789635, 15, 14.383333, 3820.916992, 1, 1.000000
"ER_N=300_p=0.023679",300.000000, 300, 2121, 7.070000, 0.004181, 19.733545, 2.305248, 204.859421, 0.789167, 16, 13.966666, 4195.666016, 2, 0.996667
"ER_N=300_p=0.023729",300.000000, 300, 2037, 6.790000, -0.003276, 23.129721, 2.401601, 201.248734, 0.785052, 16, 13.410000, 3392.571533, 1, 1.000000
"ER_N=300_p=0.023779",300.000000, 300, 2115, 7.050000, 0.002975, 22.069708, 2.337183, 201.908096, 0.790417, 17, 13.933333, 4056.665283, 2, 0.996667
"ER_N=300_p=0.023829",300.000000, 300, 2082, 6.940000, -0.001843, 23.288321, 2.388598, 201.893463, 0.795781, 17, 13.670000, 3686.329102, 3, 0.993333
"ER_N=300_p=0.023880",300.000000, 300, 2089, 6.963333, 0.001268, 20.137125, 2.319625, 202.179794, 0.790000, 16, 13.770000, 3753.130615, 1, 1.000000
"ER_N=300_p=0.023930",300.000000, 300, 2172, 7.240000, 0.005164, 21.227228, 2.338212, 200.326508, 0.791198, 17, 14.226666, 4034.584961, 1, 1.000000
"ER_N=300_p=0.023980",300.000000, 300, 2213, 7.376667, 0.002433, 19.483801, 2.316884, 194.021408, 0.798229, 14, 14.563334, 4859.798340, 1, 1.000000
"ER_N=300_p=0.024030",300.000000, 300, 2126, 7.086667, 0.001120, 25.811049, 2.425466, 193.953125, 0.794896, 17, 13.956667, 3818.447998, 4, 0.990000
"ER_N=300_p=0.024080",300.000000, 300, 2171, 7.236667, 0.000938, 21.312910, 2.363435, 199.844193, 0.786406, 14, 14.273334, 4283.583984, 1, 1.000000
"ER_N=300_p=0.024130",300.000000, 300, 2079, 6.930000, -0.003417, 24.000374, 2.412213, 193.939697, 0.788802, 15, 13.640000, 4001.118164, 1, 1.000000
"ER_N=300_p=0.024181",300.000000, 300, 2187, 7.290000, -0.002277, 21.497440, 2.370125, 194.089066, 0.795885, 16, 14.393333, 4009.588867, 1, 1.000000
"ER_N=300_p=0.024231",300.000000, 300, 2123, 7.076667, 0.004374, 22.007658, 2.399620, 200.655991, 0.789375, 16, 13.996667, 3778.995117, 1, 1.000000
"ER_N=300_p=0.024281",300.000000, 300, 2229, 7.430000, -0.003327, 19.331907, 2.321577, 196.621582, 0.794635, 14, 14.673333, 4847.987305, 1, 1.000000
"ER_N=300_p=0.024331",300.000000, 300, 2146, 7.153333, 0.007546, 22.872208, 2.393535, 198.793182, 0.791719, 16, 14.163333, 3216.991211, 1, 1.000000
"ER_N=300_p=0.024381",300.000000, 300, 2253, 7.510000, 0.003271, 23.874355, 2.411986, 192.686493, 0.794948, 15, 14.716666, 3914.918945, 1, 1.000000
"ER_N=300_p=0.024431",300.000000, 300, 2263, 7.543334, 0.004219, 20.524776, 2.335820, 200.741928, 0.786042, 15, 14.823334, 4417.637207, 1, 1.000000
"ER_N=300_p=0.024482",300.000000, 300, 2224, 7.413333, 0.002889, 22.141224, 2.355310, 197.939606, 0.787552, 15, 14.573334, 4477.385254, 1, 1.000000
"ER_N=300_p=0.024532",300.000000, 300, 2189, 7.296667, -0.003144, 21.617081, 2.369087, 188.315720, 0.794896, 16, 14.370000, 4559.934570, 1, 1.000000
"ER_N=300_p=0.024582",300.000000, 300, 2238, 7.460000, -0.005390, 22.472301, 2.395393, 194.247375, 0.799844, 15, 14.690000, 3428.170898, 1, 1.000000
"ER_N=300_p=0.024632",300.000000, 300, 2284, 7.613333, -0.007278, 19.817629, 2.318555, 191.918228, 0.796250, 16, 15.010000, 4530.965820, 1, 1.000000
"ER_N=300_p=0.024682",300.000000, 300, 2233, 7.443333, 0.005077, 18.251575, 2.272163, 201.372345, 0.788802, 16, 14.736667, 4500.195801, 1, 1.000000
"ER_N=300_p=0.024732",300.000000, 300, 2171, 7.236667, 0.000315, 22.201059, 2.366728, 197.700577, 0.795677, 16, 14.280000, 4004.480225, 1, 1.000000
"ER_N=300_p=0.024783",300.000000, 300, 2197, 7.323333, 0.001161, 22.411491, 2.384506, 197.734222, 0.793437, 16, 14.420000, 3873.081055, 1, 1.000000
"ER_N=300_p=0.024833",300.000000, 300, 2266, 7.553333, -0.002213, 19.887062, 2.302527, 205.924133, 0.780469, 15, 14.926666, 4308.390625, 2, 0.996667
"ER_N=300_p=0.024883",300.000000, 300, 2302, 7.673333, 0.003118, 18.887354, 2.281863, 198.399673, 0.799115, 15, 15.120000, 3947.680420, 1, 1.000000
"ER_N=300_p=0.024933",300.000000, 300, 2216, 7.386667, -0.001200, 24.398222, 2.406391, 193.530289, 0.790677, 14, 14.600000, 3922.001709, 1, 1.000000
"ER_N=300_p=0.024983",300.000000, 300, 2295, 7.650000, -0.003117, 20.199638, 2.334076, 200.166107, 0.789323, 16, 15.043333, 4730.442871, 1, 1.000000
"ER_N=300_p=0.025033",300.000000, 300, 2159, 7.196667, 0.001948, 22.175489, 2.402985, 194.846527, 0.788542, 17, 14.230000, 4265.128418, 1, 1.000000
